-- MySQL dump 10.13  Distrib 8.0.42, for Win64 (x86_64)
--
-- Host: localhost    Database: helpvdesk_db
-- ------------------------------------------------------
-- Server version	8.0.42

/*!40101 SET @OLD_CHARACTER_SET_CLIENT=@@CHARACTER_SET_CLIENT */;
/*!40101 SET @OLD_CHARACTER_SET_RESULTS=@@CHARACTER_SET_RESULTS */;
/*!40101 SET @OLD_COLLATION_CONNECTION=@@COLLATION_CONNECTION */;
/*!50503 SET NAMES utf8mb4 */;
/*!40103 SET @OLD_TIME_ZONE=@@TIME_ZONE */;
/*!40103 SET TIME_ZONE='+00:00' */;
/*!40014 SET @OLD_UNIQUE_CHECKS=@@UNIQUE_CHECKS, UNIQUE_CHECKS=0 */;
/*!40014 SET @OLD_FOREIGN_KEY_CHECKS=@@FOREIGN_KEY_CHECKS, FOREIGN_KEY_CHECKS=0 */;
/*!40101 SET @OLD_SQL_MODE=@@SQL_MODE, SQL_MODE='NO_AUTO_VALUE_ON_ZERO' */;
/*!40111 SET @OLD_SQL_NOTES=@@SQL_NOTES, SQL_NOTES=0 */;

--
-- Table structure for table `asset_classes`
--

DROP TABLE IF EXISTS `asset_classes`;
/*!40101 SET @saved_cs_client     = @@character_set_client */;
/*!50503 SET character_set_client = utf8mb4 */;
CREATE TABLE `asset_classes` (
  `id` bigint unsigned NOT NULL AUTO_INCREMENT,
  `name` varchar(255) NOT NULL,
  `description` text,
  `created_at` timestamp NULL DEFAULT NULL,
  `updated_at` timestamp NULL DEFAULT NULL,
  PRIMARY KEY (`id`),
  UNIQUE KEY `name` (`name`)
) ENGINE=InnoDB DEFAULT CHARSET=utf8mb4 COLLATE=utf8mb4_0900_ai_ci;
/*!40101 SET character_set_client = @saved_cs_client */;

--
-- Dumping data for table `asset_classes`
--

LOCK TABLES `asset_classes` WRITE;
/*!40000 ALTER TABLE `asset_classes` DISABLE KEYS */;
/*!40000 ALTER TABLE `asset_classes` ENABLE KEYS */;
UNLOCK TABLES;

--
-- Table structure for table `asset_models`
--

DROP TABLE IF EXISTS `asset_models`;
/*!40101 SET @saved_cs_client     = @@character_set_client */;
/*!50503 SET character_set_client = utf8mb4 */;
CREATE TABLE `asset_models` (
  `id` bigint unsigned NOT NULL AUTO_INCREMENT,
  `asset_type_id` bigint unsigned NOT NULL,
  `manufacturer_id` bigint unsigned NOT NULL,
  `name` varchar(255) NOT NULL,
  `created_at` timestamp NULL DEFAULT NULL,
  `updated_at` timestamp NULL DEFAULT NULL,
  PRIMARY KEY (`id`),
  KEY `asset_type_id` (`asset_type_id`),
  KEY `manufacturer_id` (`manufacturer_id`),
  CONSTRAINT `asset_models_ibfk_1` FOREIGN KEY (`asset_type_id`) REFERENCES `asset_types` (`id`) ON DELETE CASCADE,
  CONSTRAINT `asset_models_ibfk_2` FOREIGN KEY (`manufacturer_id`) REFERENCES `manufacturers` (`id`) ON DELETE CASCADE
) ENGINE=InnoDB DEFAULT CHARSET=utf8mb4 COLLATE=utf8mb4_0900_ai_ci;
/*!40101 SET character_set_client = @saved_cs_client */;

--
-- Dumping data for table `asset_models`
--

LOCK TABLES `asset_models` WRITE;
/*!40000 ALTER TABLE `asset_models` DISABLE KEYS */;
/*!40000 ALTER TABLE `asset_models` ENABLE KEYS */;
UNLOCK TABLES;

--
-- Table structure for table `asset_types`
--

DROP TABLE IF EXISTS `asset_types`;
/*!40101 SET @saved_cs_client     = @@character_set_client */;
/*!50503 SET character_set_client = utf8mb4 */;
CREATE TABLE `asset_types` (
  `id` bigint unsigned NOT NULL AUTO_INCREMENT,
  `asset_class_id` bigint unsigned NOT NULL,
  `name` varchar(255) NOT NULL,
  `description` text,
  `created_at` timestamp NULL DEFAULT NULL,
  `updated_at` timestamp NULL DEFAULT NULL,
  PRIMARY KEY (`id`),
  KEY `asset_class_id` (`asset_class_id`),
  CONSTRAINT `asset_types_ibfk_1` FOREIGN KEY (`asset_class_id`) REFERENCES `asset_classes` (`id`) ON DELETE CASCADE
) ENGINE=InnoDB DEFAULT CHARSET=utf8mb4 COLLATE=utf8mb4_0900_ai_ci;
/*!40101 SET character_set_client = @saved_cs_client */;

--
-- Dumping data for table `asset_types`
--

LOCK TABLES `asset_types` WRITE;
/*!40000 ALTER TABLE `asset_types` DISABLE KEYS */;
/*!40000 ALTER TABLE `asset_types` ENABLE KEYS */;
UNLOCK TABLES;

--
-- Table structure for table `assets`
--

DROP TABLE IF EXISTS `assets`;
/*!40101 SET @saved_cs_client     = @@character_set_client */;
/*!50503 SET character_set_client = utf8mb4 */;
CREATE TABLE `assets` (
  `id` bigint unsigned NOT NULL AUTO_INCREMENT,
  `asset_model_id` bigint unsigned NOT NULL,
  `company_id` bigint unsigned NOT NULL,
  `process_id` bigint unsigned NOT NULL,
  `city_id` bigint unsigned NOT NULL,
  `user_id` bigint unsigned DEFAULT NULL,
  `responsible_id` bigint unsigned DEFAULT NULL,
  `name` varchar(255) NOT NULL,
  `inventory_code` varchar(255) NOT NULL,
  `serial` varchar(255) DEFAULT NULL,
  `part_number` varchar(255) DEFAULT NULL,
  `cost_center` varchar(255) DEFAULT NULL,
  `warranty_months` int DEFAULT NULL,
  `supplier` varchar(255) DEFAULT NULL,
  `status` enum('Active','Inactive','Disposed') DEFAULT 'Active',
  `created_at` timestamp NULL DEFAULT NULL,
  `updated_at` timestamp NULL DEFAULT NULL,
  PRIMARY KEY (`id`),
  UNIQUE KEY `inventory_code` (`inventory_code`),
  KEY `asset_model_id` (`asset_model_id`),
  KEY `company_id` (`company_id`),
  KEY `process_id` (`process_id`),
  KEY `city_id` (`city_id`),
  KEY `user_id` (`user_id`),
  KEY `responsible_id` (`responsible_id`),
  CONSTRAINT `assets_ibfk_1` FOREIGN KEY (`asset_model_id`) REFERENCES `asset_models` (`id`) ON DELETE CASCADE,
  CONSTRAINT `assets_ibfk_2` FOREIGN KEY (`company_id`) REFERENCES `companies` (`id`) ON DELETE CASCADE,
  CONSTRAINT `assets_ibfk_3` FOREIGN KEY (`process_id`) REFERENCES `processes` (`id`) ON DELETE CASCADE,
  CONSTRAINT `assets_ibfk_4` FOREIGN KEY (`city_id`) REFERENCES `cities` (`id`) ON DELETE CASCADE,
  CONSTRAINT `assets_ibfk_5` FOREIGN KEY (`user_id`) REFERENCES `users` (`id`) ON DELETE SET NULL,
  CONSTRAINT `assets_ibfk_6` FOREIGN KEY (`responsible_id`) REFERENCES `users` (`id`) ON DELETE SET NULL
) ENGINE=InnoDB DEFAULT CHARSET=utf8mb4 COLLATE=utf8mb4_0900_ai_ci;
/*!40101 SET character_set_client = @saved_cs_client */;

--
-- Dumping data for table `assets`
--

LOCK TABLES `assets` WRITE;
/*!40000 ALTER TABLE `assets` DISABLE KEYS */;
/*!40000 ALTER TABLE `assets` ENABLE KEYS */;
UNLOCK TABLES;

--
-- Table structure for table `cache`
--

DROP TABLE IF EXISTS `cache`;
/*!40101 SET @saved_cs_client     = @@character_set_client */;
/*!50503 SET character_set_client = utf8mb4 */;
CREATE TABLE `cache` (
  `key` varchar(255) COLLATE utf8mb4_unicode_ci NOT NULL,
  `value` mediumtext COLLATE utf8mb4_unicode_ci NOT NULL,
  `expiration` int NOT NULL,
  PRIMARY KEY (`key`)
) ENGINE=InnoDB DEFAULT CHARSET=utf8mb4 COLLATE=utf8mb4_unicode_ci;
/*!40101 SET character_set_client = @saved_cs_client */;

--
-- Dumping data for table `cache`
--

LOCK TABLES `cache` WRITE;
/*!40000 ALTER TABLE `cache` DISABLE KEYS */;
/*!40000 ALTER TABLE `cache` ENABLE KEYS */;
UNLOCK TABLES;

--
-- Table structure for table `cache_locks`
--

DROP TABLE IF EXISTS `cache_locks`;
/*!40101 SET @saved_cs_client     = @@character_set_client */;
/*!50503 SET character_set_client = utf8mb4 */;
CREATE TABLE `cache_locks` (
  `key` varchar(255) COLLATE utf8mb4_unicode_ci NOT NULL,
  `owner` varchar(255) COLLATE utf8mb4_unicode_ci NOT NULL,
  `expiration` int NOT NULL,
  PRIMARY KEY (`key`)
) ENGINE=InnoDB DEFAULT CHARSET=utf8mb4 COLLATE=utf8mb4_unicode_ci;
/*!40101 SET character_set_client = @saved_cs_client */;

--
-- Dumping data for table `cache_locks`
--

LOCK TABLES `cache_locks` WRITE;
/*!40000 ALTER TABLE `cache_locks` DISABLE KEYS */;
/*!40000 ALTER TABLE `cache_locks` ENABLE KEYS */;
UNLOCK TABLES;

--
-- Table structure for table `cities`
--

DROP TABLE IF EXISTS `cities`;
/*!40101 SET @saved_cs_client     = @@character_set_client */;
/*!50503 SET character_set_client = utf8mb4 */;
CREATE TABLE `cities` (
  `id` bigint unsigned NOT NULL AUTO_INCREMENT,
  `name` varchar(255) COLLATE utf8mb4_unicode_ci NOT NULL,
  `state_id` bigint unsigned NOT NULL,
  `created_at` timestamp NULL DEFAULT NULL,
  `updated_at` timestamp NULL DEFAULT NULL,
  PRIMARY KEY (`id`),
  KEY `cities_state_id_foreign` (`state_id`),
  CONSTRAINT `cities_state_id_foreign` FOREIGN KEY (`state_id`) REFERENCES `states` (`id`) ON DELETE CASCADE
) ENGINE=InnoDB AUTO_INCREMENT=1550 DEFAULT CHARSET=utf8mb4 COLLATE=utf8mb4_unicode_ci;
/*!40101 SET character_set_client = @saved_cs_client */;

--
-- Dumping data for table `cities`
--

LOCK TABLES `cities` WRITE;
/*!40000 ALTER TABLE `cities` DISABLE KEYS */;
INSERT INTO `cities` VALUES (1,'La Plata',1,'2025-03-23 08:13:36','2025-03-23 08:13:36'),(2,'Mar del Plata',1,'2025-03-23 08:13:36','2025-03-23 08:13:36'),(3,'Bahía Blanca',1,'2025-03-23 08:13:36','2025-03-23 08:13:36'),(4,'Lomas de Zamora',1,'2025-03-23 08:13:36','2025-03-23 08:13:36'),(5,'Avellaneda',1,'2025-03-23 08:13:36','2025-03-23 08:13:36'),(6,'Lanús',1,'2025-03-23 08:13:36','2025-03-23 08:13:36'),(7,'Quilmes',1,'2025-03-23 08:13:36','2025-03-23 08:13:36'),(8,'Buenos Aires',2,'2025-03-23 08:13:36','2025-03-23 08:13:36'),(9,'San Fernando del Valle de Catamarca',3,'2025-03-23 08:13:36','2025-03-23 08:13:36'),(10,'Belén',3,'2025-03-23 08:13:36','2025-03-23 08:13:36'),(11,'Andalgalá',3,'2025-03-23 08:13:36','2025-03-23 08:13:36'),(12,'Fray Mamerto Esquiú',3,'2025-03-23 08:13:37','2025-03-23 08:13:37'),(13,'Santa María',3,'2025-03-23 08:13:37','2025-03-23 08:13:37'),(14,'Resistencia',4,'2025-03-23 08:13:37','2025-03-23 08:13:37'),(15,'Sáenz Peña',4,'2025-03-23 08:13:37','2025-03-23 08:13:37'),(16,'Villa Ángela',4,'2025-03-23 08:13:37','2025-03-23 08:13:37'),(17,'Charata',4,'2025-03-23 08:13:37','2025-03-23 08:13:37'),(18,'Pampa del Indio',4,'2025-03-23 08:13:37','2025-03-23 08:13:37'),(19,'Trelew',5,'2025-03-23 08:13:37','2025-03-23 08:13:37'),(20,'Comodoro Rivadavia',5,'2025-03-23 08:13:37','2025-03-23 08:13:37'),(21,'Puerto Madryn',5,'2025-03-23 08:13:37','2025-03-23 08:13:37'),(22,'Rawson',5,'2025-03-23 08:13:37','2025-03-23 08:13:37'),(23,'Esquel',5,'2025-03-23 08:13:37','2025-03-23 08:13:37'),(24,'Córdoba',6,'2025-03-23 08:13:37','2025-03-23 08:13:37'),(25,'Río Cuarto',6,'2025-03-23 08:13:37','2025-03-23 08:13:37'),(26,'Villa María',6,'2025-03-23 08:13:37','2025-03-23 08:13:37'),(27,'Alta Gracia',6,'2025-03-23 08:13:37','2025-03-23 08:13:37'),(28,'San Francisco',6,'2025-03-23 08:13:37','2025-03-23 08:13:37'),(29,'Corrientes',7,'2025-03-23 08:13:37','2025-03-23 08:13:37'),(30,'Resistencia',7,'2025-03-23 08:13:37','2025-03-23 08:13:37'),(31,'Goya',7,'2025-03-23 08:13:37','2025-03-23 08:13:37'),(32,'Mercedes',7,'2025-03-23 08:13:37','2025-03-23 08:13:37'),(33,'Paso de los Libres',7,'2025-03-23 08:13:37','2025-03-23 08:13:37'),(34,'Paraná',8,'2025-03-23 08:13:37','2025-03-23 08:13:37'),(35,'Concordia',8,'2025-03-23 08:13:37','2025-03-23 08:13:37'),(36,'Gualeguaychú',8,'2025-03-23 08:13:37','2025-03-23 08:13:37'),(37,'Federación',8,'2025-03-23 08:13:37','2025-03-23 08:13:37'),(38,'Villaguay',8,'2025-03-23 08:13:37','2025-03-23 08:13:37'),(39,'Formosa',9,'2025-03-23 08:13:37','2025-03-23 08:13:37'),(40,'Clorinda',9,'2025-03-23 08:13:37','2025-03-23 08:13:37'),(41,'Pirané',9,'2025-03-23 08:13:37','2025-03-23 08:13:37'),(42,'Villa General Güemes',9,'2025-03-23 08:13:37','2025-03-23 08:13:37'),(43,'Las Lomitas',9,'2025-03-23 08:13:37','2025-03-23 08:13:37'),(44,'San Salvador de Jujuy',10,'2025-03-23 08:13:37','2025-03-23 08:13:37'),(45,'Palpalá',10,'2025-03-23 08:13:37','2025-03-23 08:13:37'),(46,'La Quiaca',10,'2025-03-23 08:13:37','2025-03-23 08:13:37'),(47,'Perico',10,'2025-03-23 08:13:37','2025-03-23 08:13:37'),(48,'Humahuaca',10,'2025-03-23 08:13:37','2025-03-23 08:13:37'),(49,'Santa Rosa',11,'2025-03-23 08:13:37','2025-03-23 08:13:37'),(50,'General Pico',11,'2025-03-23 08:13:37','2025-03-23 08:13:37'),(51,'Toay',11,'2025-03-23 08:13:37','2025-03-23 08:13:37'),(52,'Realicó',11,'2025-03-23 08:13:37','2025-03-23 08:13:37'),(53,'Winifreda',11,'2025-03-23 08:13:37','2025-03-23 08:13:37'),(54,'La Rioja',12,'2025-03-23 08:13:37','2025-03-23 08:13:37'),(55,'Chilecito',12,'2025-03-23 08:13:37','2025-03-23 08:13:37'),(56,'Villa Unión',12,'2025-03-23 08:13:37','2025-03-23 08:13:37'),(57,'Aimogasta',12,'2025-03-23 08:13:37','2025-03-23 08:13:37'),(58,'Famatina',12,'2025-03-23 08:13:37','2025-03-23 08:13:37'),(59,'Mendoza',13,'2025-03-23 08:13:37','2025-03-23 08:13:37'),(60,'San Rafael',13,'2025-03-23 08:13:37','2025-03-23 08:13:37'),(61,'Godoy Cruz',13,'2025-03-23 08:13:37','2025-03-23 08:13:37'),(62,'San Martín',13,'2025-03-23 08:13:37','2025-03-23 08:13:37'),(63,'Guaymallén',13,'2025-03-23 08:13:37','2025-03-23 08:13:37'),(64,'Posadas',14,'2025-03-23 08:13:37','2025-03-23 08:13:37'),(65,'Oberá',14,'2025-03-23 08:13:37','2025-03-23 08:13:37'),(66,'Eldorado',14,'2025-03-23 08:13:37','2025-03-23 08:13:37'),(67,'Leandro N. Alem',14,'2025-03-23 08:13:37','2025-03-23 08:13:37'),(68,'Apóstoles',14,'2025-03-23 08:13:37','2025-03-23 08:13:37'),(69,'Neuquén',15,'2025-03-23 08:13:37','2025-03-23 08:13:37'),(70,'San Martín de los Andes',15,'2025-03-23 08:13:37','2025-03-23 08:13:37'),(71,'Zapala',15,'2025-03-23 08:13:37','2025-03-23 08:13:37'),(72,'Cutral Có',15,'2025-03-23 08:13:37','2025-03-23 08:13:37'),(73,'Rincón de los Sauces',15,'2025-03-23 08:13:37','2025-03-23 08:13:37'),(74,'Viedma',16,'2025-03-23 08:13:37','2025-03-23 08:13:37'),(75,'San Carlos de Bariloche',16,'2025-03-23 08:13:37','2025-03-23 08:13:37'),(76,'General Roca',16,'2025-03-23 08:13:37','2025-03-23 08:13:37'),(77,'Cipolletti',16,'2025-03-23 08:13:37','2025-03-23 08:13:37'),(78,'Allen',16,'2025-03-23 08:13:37','2025-03-23 08:13:37'),(79,'Salta',17,'2025-03-23 08:13:37','2025-03-23 08:13:37'),(80,'Orán',17,'2025-03-23 08:13:37','2025-03-23 08:13:37'),(81,'Tartagal',17,'2025-03-23 08:13:38','2025-03-23 08:13:38'),(82,'Metán',17,'2025-03-23 08:13:38','2025-03-23 08:13:38'),(83,'Cachi',17,'2025-03-23 08:13:38','2025-03-23 08:13:38'),(84,'San Juan',18,'2025-03-23 08:13:38','2025-03-23 08:13:38'),(85,'Rivadavia',18,'2025-03-23 08:13:38','2025-03-23 08:13:38'),(86,'Rawson',18,'2025-03-23 08:13:38','2025-03-23 08:13:38'),(87,'Chimbas',18,'2025-03-23 08:13:38','2025-03-23 08:13:38'),(88,'Jáchal',18,'2025-03-23 08:13:38','2025-03-23 08:13:38'),(89,'San Luis',19,'2025-03-23 08:13:38','2025-03-23 08:13:38'),(90,'Villa Mercedes',19,'2025-03-23 08:13:38','2025-03-23 08:13:38'),(91,'La Punta',19,'2025-03-23 08:13:38','2025-03-23 08:13:38'),(92,'Concarán',19,'2025-03-23 08:13:38','2025-03-23 08:13:38'),(93,'Merlo',19,'2025-03-23 08:13:38','2025-03-23 08:13:38'),(94,'Río Gallegos',20,'2025-03-23 08:13:38','2025-03-23 08:13:38'),(95,'El Calafate',20,'2025-03-23 08:13:38','2025-03-23 08:13:38'),(96,'Puerto Santa Cruz',20,'2025-03-23 08:13:38','2025-03-23 08:13:38'),(97,'Caleta Olivia',20,'2025-03-23 08:13:38','2025-03-23 08:13:38'),(98,'Las Heras',20,'2025-03-23 08:13:38','2025-03-23 08:13:38'),(99,'Santa Fe',21,'2025-03-23 08:13:38','2025-03-23 08:13:38'),(100,'Rosario',21,'2025-03-23 08:13:38','2025-03-23 08:13:38'),(101,'Rafaela',21,'2025-03-23 08:13:38','2025-03-23 08:13:38'),(102,'Reconquista',21,'2025-03-23 08:13:38','2025-03-23 08:13:38'),(103,'Venado Tuerto',21,'2025-03-23 08:13:38','2025-03-23 08:13:38'),(104,'Santiago del Estero',22,'2025-03-23 08:13:38','2025-03-23 08:13:38'),(105,'Termas de Río Hondo',22,'2025-03-23 08:13:38','2025-03-23 08:13:38'),(106,'La Banda',22,'2025-03-23 08:13:38','2025-03-23 08:13:38'),(107,'Añatuya',22,'2025-03-23 08:13:38','2025-03-23 08:13:38'),(108,'Frías',22,'2025-03-23 08:13:38','2025-03-23 08:13:38'),(109,'Ushuaia',23,'2025-03-23 08:13:38','2025-03-23 08:13:38'),(110,'Río Grande',23,'2025-03-23 08:13:38','2025-03-23 08:13:38'),(111,'Tolhuin',23,'2025-03-23 08:13:38','2025-03-23 08:13:38'),(112,'San Miguel de Tucumán',24,'2025-03-23 08:13:38','2025-03-23 08:13:38'),(113,'Tafí Viejo',24,'2025-03-23 08:13:38','2025-03-23 08:13:38'),(114,'Concepción',24,'2025-03-23 08:13:38','2025-03-23 08:13:38'),(115,'Monteros',24,'2025-03-23 08:13:38','2025-03-23 08:13:38'),(116,'Famaillá',24,'2025-03-23 08:13:38','2025-03-23 08:13:38'),(117,'Edmonton',25,'2025-03-23 08:13:38','2025-03-23 08:13:38'),(118,'Calgary',25,'2025-03-23 08:13:38','2025-03-23 08:13:38'),(119,'Red Deer',25,'2025-03-23 08:13:38','2025-03-23 08:13:38'),(120,'Lethbridge',25,'2025-03-23 08:13:38','2025-03-23 08:13:38'),(121,'Grande Prairie',25,'2025-03-23 08:13:38','2025-03-23 08:13:38'),(122,'St. Albert',25,'2025-03-23 08:13:38','2025-03-23 08:13:38'),(123,'Vancouver',26,'2025-03-23 08:13:38','2025-03-23 08:13:38'),(124,'Victoria',26,'2025-03-23 08:13:38','2025-03-23 08:13:38'),(125,'Surrey',26,'2025-03-23 08:13:38','2025-03-23 08:13:38'),(126,'Burnaby',26,'2025-03-23 08:13:38','2025-03-23 08:13:38'),(127,'Kelowna',26,'2025-03-23 08:13:38','2025-03-23 08:13:38'),(128,'Richmond',26,'2025-03-23 08:13:38','2025-03-23 08:13:38'),(129,'Abbotsford',26,'2025-03-23 08:13:38','2025-03-23 08:13:38'),(130,'Winnipeg',27,'2025-03-23 08:13:38','2025-03-23 08:13:38'),(131,'Brandon',27,'2025-03-23 08:13:38','2025-03-23 08:13:38'),(132,'Thompson',27,'2025-03-23 08:13:38','2025-03-23 08:13:38'),(133,'Steinbach',27,'2025-03-23 08:13:38','2025-03-23 08:13:38'),(134,'Portage la Prairie',27,'2025-03-23 08:13:38','2025-03-23 08:13:38'),(135,'Fredericton',28,'2025-03-23 08:13:38','2025-03-23 08:13:38'),(136,'Saint John',28,'2025-03-23 08:13:38','2025-03-23 08:13:38'),(137,'Moncton',28,'2025-03-23 08:13:38','2025-03-23 08:13:38'),(138,'Miramichi',28,'2025-03-23 08:13:38','2025-03-23 08:13:38'),(139,'Bathurst',28,'2025-03-23 08:13:38','2025-03-23 08:13:38'),(140,'St. John\'s',29,'2025-03-23 08:13:38','2025-03-23 08:13:38'),(141,'Mount Pearl',29,'2025-03-23 08:13:38','2025-03-23 08:13:38'),(142,'Corner Brook',29,'2025-03-23 08:13:38','2025-03-23 08:13:38'),(143,'Gander',29,'2025-03-23 08:13:38','2025-03-23 08:13:38'),(144,'Grand Falls-Windsor',29,'2025-03-23 08:13:38','2025-03-23 08:13:38'),(145,'Halifax',30,'2025-03-23 08:13:38','2025-03-23 08:13:38'),(146,'Sydney',30,'2025-03-23 08:13:38','2025-03-23 08:13:38'),(147,'Truro',30,'2025-03-23 08:13:38','2025-03-23 08:13:38'),(148,'Dartmouth',30,'2025-03-23 08:13:38','2025-03-23 08:13:38'),(149,'New Glasgow',30,'2025-03-23 08:13:38','2025-03-23 08:13:38'),(150,'Toronto',31,'2025-03-23 08:13:38','2025-03-23 08:13:38'),(151,'Ottawa',31,'2025-03-23 08:13:38','2025-03-23 08:13:38'),(152,'Hamilton',31,'2025-03-23 08:13:38','2025-03-23 08:13:38'),(153,'Kitchener',31,'2025-03-23 08:13:38','2025-03-23 08:13:38'),(154,'London',31,'2025-03-23 08:13:38','2025-03-23 08:13:38'),(155,'Mississauga',31,'2025-03-23 08:13:39','2025-03-23 08:13:39'),(156,'Brampton',31,'2025-03-23 08:13:39','2025-03-23 08:13:39'),(157,'Charlottetown',32,'2025-03-23 08:13:39','2025-03-23 08:13:39'),(158,'Summerside',32,'2025-03-23 08:13:39','2025-03-23 08:13:39'),(159,'Stratford',32,'2025-03-23 08:13:39','2025-03-23 08:13:39'),(160,'Montreal',33,'2025-03-23 08:13:39','2025-03-23 08:13:39'),(161,'Quebec City',33,'2025-03-23 08:13:39','2025-03-23 08:13:39'),(162,'Laval',33,'2025-03-23 08:13:39','2025-03-23 08:13:39'),(163,'Gatineau',33,'2025-03-23 08:13:39','2025-03-23 08:13:39'),(164,'Sherbrooke',33,'2025-03-23 08:13:39','2025-03-23 08:13:39'),(165,'Trois-Rivières',33,'2025-03-23 08:13:39','2025-03-23 08:13:39'),(166,'Longueuil',33,'2025-03-23 08:13:39','2025-03-23 08:13:39'),(167,'Saskatoon',34,'2025-03-23 08:13:39','2025-03-23 08:13:39'),(168,'Regina',34,'2025-03-23 08:13:39','2025-03-23 08:13:39'),(169,'Moose Jaw',34,'2025-03-23 08:13:39','2025-03-23 08:13:39'),(170,'Prince Albert',34,'2025-03-23 08:13:39','2025-03-23 08:13:39'),(171,'Swift Current',34,'2025-03-23 08:13:39','2025-03-23 08:13:39'),(172,'Yellowknife',35,'2025-03-23 08:13:39','2025-03-23 08:13:39'),(173,'Inuvik',35,'2025-03-23 08:13:39','2025-03-23 08:13:39'),(174,'Hay River',35,'2025-03-23 08:13:39','2025-03-23 08:13:39'),(175,'Fort Smith',35,'2025-03-23 08:13:39','2025-03-23 08:13:39'),(176,'Iqaluit',36,'2025-03-23 08:13:39','2025-03-23 08:13:39'),(177,'Rankin Inlet',36,'2025-03-23 08:13:39','2025-03-23 08:13:39'),(178,'Arviat',36,'2025-03-23 08:13:39','2025-03-23 08:13:39'),(179,'Baker Lake',36,'2025-03-23 08:13:39','2025-03-23 08:13:39'),(180,'Whitehorse',37,'2025-03-23 08:13:39','2025-03-23 08:13:39'),(181,'Dawson City',37,'2025-03-23 08:13:39','2025-03-23 08:13:39'),(182,'Haines Junction',37,'2025-03-23 08:13:39','2025-03-23 08:13:39'),(183,'Arica',38,'2025-03-23 08:13:39','2025-03-23 08:13:39'),(184,'Putre',38,'2025-03-23 08:13:39','2025-03-23 08:13:39'),(185,'Camarones',38,'2025-03-23 08:13:39','2025-03-23 08:13:39'),(186,'General Lagos',38,'2025-03-23 08:13:39','2025-03-23 08:13:39'),(187,'Iquique',39,'2025-03-23 08:13:39','2025-03-23 08:13:39'),(188,'Alto Hospicio',39,'2025-03-23 08:13:39','2025-03-23 08:13:39'),(189,'Pozo Almonte',39,'2025-03-23 08:13:39','2025-03-23 08:13:39'),(190,'Pica',39,'2025-03-23 08:13:39','2025-03-23 08:13:39'),(191,'Antofagasta',40,'2025-03-23 08:13:39','2025-03-23 08:13:39'),(192,'Calama',40,'2025-03-23 08:13:39','2025-03-23 08:13:39'),(193,'Tocopilla',40,'2025-03-23 08:13:39','2025-03-23 08:13:39'),(194,'Mejillones',40,'2025-03-23 08:13:39','2025-03-23 08:13:39'),(195,'San Pedro de Atacama',40,'2025-03-23 08:13:39','2025-03-23 08:13:39'),(196,'Copiapó',41,'2025-03-23 08:13:39','2025-03-23 08:13:39'),(197,'Vallenar',41,'2025-03-23 08:13:39','2025-03-23 08:13:39'),(198,'Chañaral',41,'2025-03-23 08:13:39','2025-03-23 08:13:39'),(199,'Freirina',41,'2025-03-23 08:13:39','2025-03-23 08:13:39'),(200,'Tierra Amarilla',41,'2025-03-23 08:13:39','2025-03-23 08:13:39'),(201,'La Serena',42,'2025-03-23 08:13:39','2025-03-23 08:13:39'),(202,'Coquimbo',42,'2025-03-23 08:13:39','2025-03-23 08:13:39'),(203,'Vicuña',42,'2025-03-23 08:13:39','2025-03-23 08:13:39'),(204,'Illapel',42,'2025-03-23 08:13:39','2025-03-23 08:13:39'),(205,'Ovalle',42,'2025-03-23 08:13:39','2025-03-23 08:13:39'),(206,'Valparaíso',43,'2025-03-23 08:13:39','2025-03-23 08:13:39'),(207,'Viña del Mar',43,'2025-03-23 08:13:39','2025-03-23 08:13:39'),(208,'Quillota',43,'2025-03-23 08:13:39','2025-03-23 08:13:39'),(209,'San Antonio',43,'2025-03-23 08:13:39','2025-03-23 08:13:39'),(210,'San Felipe',43,'2025-03-23 08:13:39','2025-03-23 08:13:39'),(211,'Rancagua',44,'2025-03-23 08:13:39','2025-03-23 08:13:39'),(212,'San Fernando',44,'2025-03-23 08:13:39','2025-03-23 08:13:39'),(213,'Rengo',44,'2025-03-23 08:13:39','2025-03-23 08:13:39'),(214,'Machalí',44,'2025-03-23 08:13:39','2025-03-23 08:13:39'),(215,'Santa Cruz',44,'2025-03-23 08:13:39','2025-03-23 08:13:39'),(216,'Talca',45,'2025-03-23 08:13:39','2025-03-23 08:13:39'),(217,'Curicó',45,'2025-03-23 08:13:39','2025-03-23 08:13:39'),(218,'Linares',45,'2025-03-23 08:13:39','2025-03-23 08:13:39'),(219,'Constitución',45,'2025-03-23 08:13:39','2025-03-23 08:13:39'),(220,'San Javier',45,'2025-03-23 08:13:39','2025-03-23 08:13:39'),(221,'Chillán',46,'2025-03-23 08:13:39','2025-03-23 08:13:39'),(222,'Los Ángeles',46,'2025-03-23 08:13:39','2025-03-23 08:13:39'),(223,'San Carlos',46,'2025-03-23 08:13:39','2025-03-23 08:13:39'),(224,'Cobquecura',46,'2025-03-23 08:13:39','2025-03-23 08:13:39'),(225,'Pinto',46,'2025-03-23 08:13:39','2025-03-23 08:13:39'),(226,'Concepción',47,'2025-03-23 08:13:39','2025-03-23 08:13:39'),(227,'Talcahuano',47,'2025-03-23 08:13:40','2025-03-23 08:13:40'),(228,'Los Ángeles',47,'2025-03-23 08:13:40','2025-03-23 08:13:40'),(229,'Chillán',47,'2025-03-23 08:13:40','2025-03-23 08:13:40'),(230,'Coronel',47,'2025-03-23 08:13:40','2025-03-23 08:13:40'),(231,'Temuco',48,'2025-03-23 08:13:40','2025-03-23 08:13:40'),(232,'Villarrica',48,'2025-03-23 08:13:40','2025-03-23 08:13:40'),(233,'Pucón',48,'2025-03-23 08:13:40','2025-03-23 08:13:40'),(234,'Angol',48,'2025-03-23 08:13:40','2025-03-23 08:13:40'),(235,'Carahue',48,'2025-03-23 08:13:40','2025-03-23 08:13:40'),(236,'Valdivia',49,'2025-03-23 08:13:40','2025-03-23 08:13:40'),(237,'La Unión',49,'2025-03-23 08:13:40','2025-03-23 08:13:40'),(238,'Río Bueno',49,'2025-03-23 08:13:40','2025-03-23 08:13:40'),(239,'Panguipulli',49,'2025-03-23 08:13:40','2025-03-23 08:13:40'),(240,'Lago Ranco',49,'2025-03-23 08:13:40','2025-03-23 08:13:40'),(241,'Puerto Montt',50,'2025-03-23 08:13:40','2025-03-23 08:13:40'),(242,'Osorno',50,'2025-03-23 08:13:40','2025-03-23 08:13:40'),(243,'Puerto Varas',50,'2025-03-23 08:13:40','2025-03-23 08:13:40'),(244,'Frutillar',50,'2025-03-23 08:13:40','2025-03-23 08:13:40'),(245,'Ancud',50,'2025-03-23 08:13:40','2025-03-23 08:13:40'),(246,'Coyhaique',51,'2025-03-23 08:13:40','2025-03-23 08:13:40'),(247,'Puerto Aysén',51,'2025-03-23 08:13:40','2025-03-23 08:13:40'),(248,'Chile Chico',51,'2025-03-23 08:13:40','2025-03-23 08:13:40'),(249,'Cerro Castillo',51,'2025-03-23 08:13:40','2025-03-23 08:13:40'),(250,'Cochrane',51,'2025-03-23 08:13:40','2025-03-23 08:13:40'),(251,'Punta Arenas',52,'2025-03-23 08:13:40','2025-03-23 08:13:40'),(252,'Puerto Natales',52,'2025-03-23 08:13:40','2025-03-23 08:13:40'),(253,'Porvenir',52,'2025-03-23 08:13:40','2025-03-23 08:13:40'),(254,'Cabo de Hornos',52,'2025-03-23 08:13:40','2025-03-23 08:13:40'),(255,'Laguna Blanca',52,'2025-03-23 08:13:40','2025-03-23 08:13:40'),(256,'Leticia',53,'2025-03-23 08:13:40','2025-03-23 08:13:40'),(257,'Puerto Nariño',53,'2025-03-23 08:13:40','2025-03-23 08:13:40'),(258,'La Chorrera',53,'2025-03-23 08:13:40','2025-03-23 08:13:40'),(259,'Puerto Alegría',53,'2025-03-23 08:13:40','2025-03-23 08:13:40'),(260,'Puerto Arica',53,'2025-03-23 08:13:40','2025-03-23 08:13:40'),(261,'Puerto Santander',53,'2025-03-23 08:13:40','2025-03-23 08:13:40'),(262,'Tarapacá',53,'2025-03-23 08:13:40','2025-03-23 08:13:40'),(263,'Medellín',54,'2025-03-23 08:13:40','2025-03-23 08:13:40'),(264,'Envigado',54,'2025-03-23 08:13:40','2025-03-23 08:13:40'),(265,'Bello',54,'2025-03-23 08:13:40','2025-03-23 08:13:40'),(266,'Itagüí',54,'2025-03-23 08:13:40','2025-03-23 08:13:40'),(267,'Apartadó',54,'2025-03-23 08:13:40','2025-03-23 08:13:40'),(268,'Rionegro',54,'2025-03-23 08:13:40','2025-03-23 08:13:40'),(269,'Turbo',54,'2025-03-23 08:13:40','2025-03-23 08:13:40'),(270,'Caucasia',54,'2025-03-23 08:13:40','2025-03-23 08:13:40'),(271,'La Estrella',54,'2025-03-23 08:13:40','2025-03-23 08:13:40'),(272,'Sabaneta',54,'2025-03-23 08:13:40','2025-03-23 08:13:40'),(273,'Marinilla',54,'2025-03-23 08:13:41','2025-03-23 08:13:41'),(274,'La Ceja',54,'2025-03-23 08:13:40','2025-03-23 08:13:40'),(275,'El Retiro',54,'2025-03-23 08:13:40','2025-03-23 08:13:40'),(276,'Guarne',54,'2025-03-23 08:13:40','2025-03-23 08:13:40'),(277,'Alejandría',54,'2025-03-23 08:13:40','2025-03-23 08:13:40'),(278,'Abejorral',54,'2025-03-23 08:13:40','2025-03-23 08:13:40'),(279,'Amalfi',54,'2025-03-23 08:13:40','2025-03-23 08:13:40'),(280,'Andes',54,'2025-03-23 08:13:40','2025-03-23 08:13:40'),(281,'Angelópolis',54,'2025-03-23 08:13:40','2025-03-23 08:13:40'),(282,'Armenia',54,'2025-03-23 08:13:40','2025-03-23 08:13:40'),(283,'Barbosa',54,'2025-03-23 08:13:40','2025-03-23 08:13:40'),(284,'Belmira',54,'2025-03-23 08:13:40','2025-03-23 08:13:40'),(285,'Betania',54,'2025-03-23 08:13:40','2025-03-23 08:13:40'),(286,'Briceño',54,'2025-03-23 08:13:40','2025-03-23 08:13:40'),(287,'Buriticá',54,'2025-03-23 08:13:40','2025-03-23 08:13:40'),(288,'Cáceres',54,'2025-03-23 08:13:40','2025-03-23 08:13:40'),(289,'Caldas',54,'2025-03-23 08:13:40','2025-03-23 08:13:40'),(290,'Campamento',54,'2025-03-23 08:13:40','2025-03-23 08:13:40'),(291,'Cañasgordas',54,'2025-03-23 08:13:40','2025-03-23 08:13:40'),(292,'Caracolí',54,'2025-03-23 08:13:40','2025-03-23 08:13:40'),(293,'Caramanta',54,'2025-03-23 08:13:40','2025-03-23 08:13:40'),(294,'Carepa',54,'2025-03-23 08:13:40','2025-03-23 08:13:40'),(295,'Carolina',54,'2025-03-23 08:13:40','2025-03-23 08:13:40'),(296,'Cisneros',54,'2025-03-23 08:13:40','2025-03-23 08:13:40'),(297,'Cocorná',54,'2025-03-23 08:13:40','2025-03-23 08:13:40'),(298,'Concepción',54,'2025-03-23 08:13:40','2025-03-23 08:13:40'),(299,'Concordia',54,'2025-03-23 08:13:40','2025-03-23 08:13:40'),(300,'Copacabana',54,'2025-03-23 08:13:40','2025-03-23 08:13:40'),(301,'Dabeiba',54,'2025-03-23 08:13:40','2025-03-23 08:13:40'),(302,'Don Matías',54,'2025-03-23 08:13:40','2025-03-23 08:13:40'),(303,'Ebéjico',54,'2025-03-23 08:13:40','2025-03-23 08:13:40'),(304,'El Bagre',54,'2025-03-23 08:13:40','2025-03-23 08:13:40'),(305,'El Carmen de Viboral',54,'2025-03-23 08:13:40','2025-03-23 08:13:40'),(306,'El Peñol',54,'2025-03-23 08:13:40','2025-03-23 08:13:40'),(307,'El Santuario',54,'2025-03-23 08:13:40','2025-03-23 08:13:40'),(308,'Entrerríos',54,'2025-03-23 08:13:40','2025-03-23 08:13:40'),(309,'Fredonia',54,'2025-03-23 08:13:41','2025-03-23 08:13:41'),(310,'Frontino',54,'2025-03-23 08:13:41','2025-03-23 08:13:41'),(311,'Giraldo',54,'2025-03-23 08:13:41','2025-03-23 08:13:41'),(312,'Girardota',54,'2025-03-23 08:13:41','2025-03-23 08:13:41'),(313,'Gómez Plata',54,'2025-03-23 08:13:41','2025-03-23 08:13:41'),(314,'Granada',54,'2025-03-23 08:13:41','2025-03-23 08:13:41'),(315,'Guadalupe',54,'2025-03-23 08:13:41','2025-03-23 08:13:41'),(316,'Heliconia',54,'2025-03-23 08:13:41','2025-03-23 08:13:41'),(317,'Hispania',54,'2025-03-23 08:13:41','2025-03-23 08:13:41'),(318,'Ituango',54,'2025-03-23 08:13:41','2025-03-23 08:13:41'),(319,'Jardín',54,'2025-03-23 08:13:41','2025-03-23 08:13:41'),(320,'Jericó',54,'2025-03-23 08:13:41','2025-03-23 08:13:41'),(321,'La Pintada',54,'2025-03-23 08:13:41','2025-03-23 08:13:41'),(322,'La Unión',54,'2025-03-23 08:13:41','2025-03-23 08:13:41'),(323,'Liborina',54,'2025-03-23 08:13:41','2025-03-23 08:13:41'),(324,'Maceo',54,'2025-03-23 08:13:41','2025-03-23 08:13:41'),(325,'Montebello',54,'2025-03-23 08:13:41','2025-03-23 08:13:41'),(326,'Murindó',54,'2025-03-23 08:13:41','2025-03-23 08:13:41'),(327,'Mutatá',54,'2025-03-23 08:13:41','2025-03-23 08:13:41'),(328,'Nariño',54,'2025-03-23 08:13:41','2025-03-23 08:13:41'),(329,'Nechí',54,'2025-03-23 08:13:41','2025-03-23 08:13:41'),(330,'Necoclí',54,'2025-03-23 08:13:41','2025-03-23 08:13:41'),(331,'Olaya',54,'2025-03-23 08:13:41','2025-03-23 08:13:41'),(332,'Peñol',54,'2025-03-23 08:13:41','2025-03-23 08:13:41'),(333,'Peque',54,'2025-03-23 08:13:41','2025-03-23 08:13:41'),(334,'Pueblorrico',54,'2025-03-23 08:13:41','2025-03-23 08:13:41'),(335,'Puerto Berrío',54,'2025-03-23 08:13:41','2025-03-23 08:13:41'),(336,'Puerto Nare',54,'2025-03-23 08:13:41','2025-03-23 08:13:41'),(337,'Puerto Triunfo',54,'2025-03-23 08:13:41','2025-03-23 08:13:41'),(338,'Remedios',54,'2025-03-23 08:13:41','2025-03-23 08:13:41'),(339,'Salgar',54,'2025-03-23 08:13:41','2025-03-23 08:13:41'),(340,'San Andrés de Cuerquía',54,'2025-03-23 08:13:41','2025-03-23 08:13:41'),(341,'San Carlos',54,'2025-03-23 08:13:41','2025-03-23 08:13:41'),(342,'San Francisco',54,'2025-03-23 08:13:41','2025-03-23 08:13:41'),(343,'San Jerónimo',54,'2025-03-23 08:13:41','2025-03-23 08:13:41'),(344,'San José de la Montaña',54,'2025-03-23 08:13:41','2025-03-23 08:13:41'),(345,'San Juan de Urabá',54,'2025-03-23 08:13:41','2025-03-23 08:13:41'),(346,'San Luis',54,'2025-03-23 08:13:41','2025-03-23 08:13:41'),(347,'San Pedro de los Milagros',54,'2025-03-23 08:13:41','2025-03-23 08:13:41'),(348,'San Rafael',54,'2025-03-23 08:13:41','2025-03-23 08:13:41'),(349,'San Roque',54,'2025-03-23 08:13:41','2025-03-23 08:13:41'),(350,'San Vicente',54,'2025-03-23 08:13:41','2025-03-23 08:13:41'),(351,'Santa Bárbara',54,'2025-03-23 08:13:41','2025-03-23 08:13:41'),(352,'Santa Rosa de Osos',54,'2025-03-23 08:13:41','2025-03-23 08:13:41'),(353,'Santo Domingo',54,'2025-03-23 08:13:41','2025-03-23 08:13:41'),(354,'Segovia',54,'2025-03-23 08:13:41','2025-03-23 08:13:41'),(355,'Sonsón',54,'2025-03-23 08:13:41','2025-03-23 08:13:41'),(356,'Sopetrán',54,'2025-03-23 08:13:41','2025-03-23 08:13:41'),(357,'Támesis',54,'2025-03-23 08:13:41','2025-03-23 08:13:41'),(358,'Tarazá',54,'2025-03-23 08:13:41','2025-03-23 08:13:41'),(359,'Tarso',54,'2025-03-23 08:13:41','2025-03-23 08:13:41'),(360,'Titiribí',54,'2025-03-23 08:13:41','2025-03-23 08:13:41'),(361,'Toledo',54,'2025-03-23 08:13:41','2025-03-23 08:13:41'),(362,'Uramita',54,'2025-03-23 08:13:41','2025-03-23 08:13:41'),(363,'Urrao',54,'2025-03-23 08:13:41','2025-03-23 08:13:41'),(364,'Valdivia',54,'2025-03-23 08:13:41','2025-03-23 08:13:41'),(365,'Valparaíso',54,'2025-03-23 08:13:41','2025-03-23 08:13:41'),(366,'Vegachí',54,'2025-03-23 08:13:41','2025-03-23 08:13:41'),(367,'Venecia',54,'2025-03-23 08:13:41','2025-03-23 08:13:41'),(368,'Yalí',54,'2025-03-23 08:13:41','2025-03-23 08:13:41'),(369,'Yarumal',54,'2025-03-23 08:13:41','2025-03-23 08:13:41'),(370,'Yolombó',54,'2025-03-23 08:13:41','2025-03-23 08:13:41'),(371,'Yondó',54,'2025-03-23 08:13:41','2025-03-23 08:13:41'),(372,'Zaragoza',54,'2025-03-23 08:13:41','2025-03-23 08:13:41'),(373,'Arauca',55,'2025-03-23 08:13:41','2025-03-23 08:13:41'),(374,'Arauquita',55,'2025-03-23 08:13:41','2025-03-23 08:13:41'),(375,'Saravena',55,'2025-03-23 08:13:41','2025-03-23 08:13:41'),(376,'Tame',55,'2025-03-23 08:13:41','2025-03-23 08:13:41'),(377,'Cravo Norte',55,'2025-03-23 08:13:41','2025-03-23 08:13:41'),(378,'Fortul',55,'2025-03-23 08:13:41','2025-03-23 08:13:41'),(379,'Puerto Rondón',55,'2025-03-23 08:13:41','2025-03-23 08:13:41'),(380,'Barranquilla',56,'2025-03-23 08:13:41','2025-03-23 08:13:41'),(381,'Soledad',56,'2025-03-23 08:13:41','2025-03-23 08:13:41'),(382,'Malambo',56,'2025-03-23 08:13:41','2025-03-23 08:13:41'),(383,'Baranoa',56,'2025-03-23 08:13:41','2025-03-23 08:13:41'),(384,'Sabanalarga',56,'2025-03-23 08:13:41','2025-03-23 08:13:41'),(385,'Galapa',56,'2025-03-23 08:13:41','2025-03-23 08:13:41'),(386,'Sabanagrande',56,'2025-03-23 08:13:41','2025-03-23 08:13:41'),(387,'Puerto Colombia',56,'2025-03-23 08:13:41','2025-03-23 08:13:41'),(388,'Campo de la Cruz',56,'2025-03-23 08:13:41','2025-03-23 08:13:41'),(389,'Candelaria',56,'2025-03-23 08:13:41','2025-03-23 08:13:41'),(390,'Luruaco',56,'2025-03-23 08:13:41','2025-03-23 08:13:41'),(391,'Manatí',56,'2025-03-23 08:13:41','2025-03-23 08:13:41'),(392,'Palmar de Varela',56,'2025-03-23 08:13:41','2025-03-23 08:13:41'),(393,'Piojó',56,'2025-03-23 08:13:41','2025-03-23 08:13:41'),(394,'Polonuevo',56,'2025-03-23 08:13:41','2025-03-23 08:13:41'),(395,'Repelón',56,'2025-03-23 08:13:42','2025-03-23 08:13:42'),(396,'Santa Lucía',56,'2025-03-23 08:13:42','2025-03-23 08:13:42'),(397,'Suán',56,'2025-03-23 08:13:42','2025-03-23 08:13:42'),(398,'Tubará',56,'2025-03-23 08:13:42','2025-03-23 08:13:42'),(399,'Usiacurí',56,'2025-03-23 08:13:42','2025-03-23 08:13:42'),(400,'Cartagena',57,'2025-03-23 08:13:42','2025-03-23 08:13:42'),(401,'Magangué',57,'2025-03-23 08:13:42','2025-03-23 08:13:42'),(402,'Turbaná',57,'2025-03-23 08:13:42','2025-03-23 08:13:42'),(403,'Arjona',57,'2025-03-23 08:13:42','2025-03-23 08:13:42'),(404,'El Carmen de Bolívar',57,'2025-03-23 08:13:42','2025-03-23 08:13:42'),(405,'Mompós',57,'2025-03-23 08:13:42','2025-03-23 08:13:42'),(406,'San Juan Nepomuceno',57,'2025-03-23 08:13:42','2025-03-23 08:13:42'),(407,'San Jacinto',57,'2025-03-23 08:13:42','2025-03-23 08:13:42'),(408,'Clemencia',57,'2025-03-23 08:13:42','2025-03-23 08:13:42'),(409,'Villanueva',57,'2025-03-23 08:13:42','2025-03-23 08:13:42'),(410,'Calamar',57,'2025-03-23 08:13:42','2025-03-23 08:13:42'),(411,'Hatillo de Loba',57,'2025-03-23 08:13:42','2025-03-23 08:13:42'),(412,'San Pablo',57,'2025-03-23 08:13:42','2025-03-23 08:13:42'),(413,'Santa Rosa del Sur',57,'2025-03-23 08:13:42','2025-03-23 08:13:42'),(414,'Zambrano',57,'2025-03-23 08:13:42','2025-03-23 08:13:42'),(415,'Achí',57,'2025-03-23 08:13:42','2025-03-23 08:13:42'),(416,'Arenal',57,'2025-03-23 08:13:42','2025-03-23 08:13:42'),(417,'Arroyohondo',57,'2025-03-23 08:13:42','2025-03-23 08:13:42'),(418,'Barranco de Loba',57,'2025-03-23 08:13:42','2025-03-23 08:13:42'),(419,'Cantagallo',57,'2025-03-23 08:13:42','2025-03-23 08:13:42'),(420,'Córdoba',57,'2025-03-23 08:13:42','2025-03-23 08:13:42'),(421,'El Guamo',57,'2025-03-23 08:13:42','2025-03-23 08:13:42'),(422,'Margarita',57,'2025-03-23 08:13:42','2025-03-23 08:13:42'),(423,'Morales',57,'2025-03-23 08:13:42','2025-03-23 08:13:42'),(424,'Pinillos',57,'2025-03-23 08:13:42','2025-03-23 08:13:42'),(425,'Regidor',57,'2025-03-23 08:13:42','2025-03-23 08:13:42'),(426,'Río Viejo',57,'2025-03-23 08:13:42','2025-03-23 08:13:42'),(427,'Santa Catalina',57,'2025-03-23 08:13:42','2025-03-23 08:13:42'),(428,'Simití',57,'2025-03-23 08:13:42','2025-03-23 08:13:42'),(429,'Talaigua Nuevo',57,'2025-03-23 08:13:42','2025-03-23 08:13:42'),(430,'Tunja',58,'2025-03-23 08:13:42','2025-03-23 08:13:42'),(431,'Duitama',58,'2025-03-23 08:13:43','2025-03-23 08:13:43'),(432,'Sogamoso',58,'2025-03-23 08:13:42','2025-03-23 08:13:42'),(433,'Chiquinquirá',58,'2025-03-23 08:13:42','2025-03-23 08:13:42'),(434,'Puerto Boyacá',58,'2025-03-23 08:13:43','2025-03-23 08:13:43'),(435,'Sáchica',58,'2025-03-23 08:13:42','2025-03-23 08:13:42'),(436,'Paipa',58,'2025-03-23 08:13:42','2025-03-23 08:13:42'),(437,'Paz de Río',58,'2025-03-23 08:13:42','2025-03-23 08:13:42'),(438,'San Gil',58,'2025-03-23 08:13:42','2025-03-23 08:13:42'),(439,'Chíquiza',58,'2025-03-23 08:13:42','2025-03-23 08:13:42'),(440,'Cómbita',58,'2025-03-23 08:13:42','2025-03-23 08:13:42'),(441,'Corrales',58,'2025-03-23 08:13:42','2025-03-23 08:13:42'),(442,'Cucaita',58,'2025-03-23 08:13:42','2025-03-23 08:13:42'),(443,'Floresta',58,'2025-03-23 08:13:42','2025-03-23 08:13:42'),(444,'Gachantivá',58,'2025-03-23 08:13:42','2025-03-23 08:13:42'),(445,'Guateque',58,'2025-03-23 08:13:43','2025-03-23 08:13:43'),(446,'Iza',58,'2025-03-23 08:13:43','2025-03-23 08:13:43'),(447,'Jenesano',58,'2025-03-23 08:13:43','2025-03-23 08:13:43'),(448,'La Capilla',58,'2025-03-23 08:13:42','2025-03-23 08:13:42'),(449,'La Uvita',58,'2025-03-23 08:13:42','2025-03-23 08:13:42'),(450,'Motavita',58,'2025-03-23 08:13:42','2025-03-23 08:13:42'),(451,'Nobsa',58,'2025-03-23 08:13:43','2025-03-23 08:13:43'),(452,'Oicatá',58,'2025-03-23 08:13:43','2025-03-23 08:13:43'),(453,'Pesca',58,'2025-03-23 08:13:42','2025-03-23 08:13:42'),(454,'Pisba',58,'2025-03-23 08:13:42','2025-03-23 08:13:42'),(455,'Quípama',58,'2025-03-23 08:13:43','2025-03-23 08:13:43'),(456,'Ráquira',58,'2025-03-23 08:13:43','2025-03-23 08:13:43'),(457,'Saboyá',58,'2025-03-23 08:13:43','2025-03-23 08:13:43'),(458,'Samacá',58,'2025-03-23 08:13:43','2025-03-23 08:13:43'),(459,'Sativanorte',58,'2025-03-23 08:13:43','2025-03-23 08:13:43'),(460,'Siachoque',58,'2025-03-23 08:13:43','2025-03-23 08:13:43'),(461,'Sora',58,'2025-03-23 08:13:43','2025-03-23 08:13:43'),(462,'Sotaquirá',58,'2025-03-23 08:13:43','2025-03-23 08:13:43'),(463,'Tasco',58,'2025-03-23 08:13:43','2025-03-23 08:13:43'),(464,'Tenza',58,'2025-03-23 08:13:43','2025-03-23 08:13:43'),(465,'Tibaná',58,'2025-03-23 08:13:43','2025-03-23 08:13:43'),(466,'Tibasosa',58,'2025-03-23 08:13:43','2025-03-23 08:13:43'),(467,'Tinjacá',58,'2025-03-23 08:13:43','2025-03-23 08:13:43'),(468,'Toca',58,'2025-03-23 08:13:43','2025-03-23 08:13:43'),(469,'Toguí',58,'2025-03-23 08:13:43','2025-03-23 08:13:43'),(470,'Tota',58,'2025-03-23 08:13:43','2025-03-23 08:13:43'),(471,'Tununguá',58,'2025-03-23 08:13:43','2025-03-23 08:13:43'),(472,'Ventaquemada',58,'2025-03-23 08:13:43','2025-03-23 08:13:43'),(473,'Zetaquira',58,'2025-03-23 08:13:43','2025-03-23 08:13:43'),(474,'Aquitania',58,'2025-03-23 08:13:42','2025-03-23 08:13:42'),(475,'Arcabuco',58,'2025-03-23 08:13:42','2025-03-23 08:13:42'),(476,'Belén',58,'2025-03-23 08:13:42','2025-03-23 08:13:42'),(477,'Berbeo',58,'2025-03-23 08:13:42','2025-03-23 08:13:42'),(478,'Betéitiva',58,'2025-03-23 08:13:42','2025-03-23 08:13:42'),(479,'Boavita',58,'2025-03-23 08:13:42','2025-03-23 08:13:42'),(480,'Boyacá',58,'2025-03-23 08:13:43','2025-03-23 08:13:43'),(481,'Briceño',58,'2025-03-23 08:13:43','2025-03-23 08:13:43'),(482,'Buenavista',58,'2025-03-23 08:13:43','2025-03-23 08:13:43'),(483,'Busbanzá',58,'2025-03-23 08:13:43','2025-03-23 08:13:43'),(484,'Caldas',58,'2025-03-23 08:13:43','2025-03-23 08:13:43'),(485,'Campohermoso',58,'2025-03-23 08:13:43','2025-03-23 08:13:43'),(486,'Chinavita',58,'2025-03-23 08:13:43','2025-03-23 08:13:43'),(487,'Ciénega',58,'2025-03-23 08:13:43','2025-03-23 08:13:43'),(488,'Coper',58,'2025-03-23 08:13:43','2025-03-23 08:13:43'),(489,'Covarachía',58,'2025-03-23 08:13:43','2025-03-23 08:13:43'),(490,'Cubará',58,'2025-03-23 08:13:43','2025-03-23 08:13:43'),(491,'Cucunubá',58,'2025-03-23 08:13:43','2025-03-23 08:13:43'),(492,'Chiscas',58,'2025-03-23 08:13:43','2025-03-23 08:13:43'),(493,'Chita',58,'2025-03-23 08:13:43','2025-03-23 08:13:43'),(494,'Chivor',58,'2025-03-23 08:13:43','2025-03-23 08:13:43'),(495,'El Cocuy',58,'2025-03-23 08:13:43','2025-03-23 08:13:43'),(496,'El Espino',58,'2025-03-23 08:13:43','2025-03-23 08:13:43'),(497,'Firavitoba',58,'2025-03-23 08:13:43','2025-03-23 08:13:43'),(498,'Gámeza',58,'2025-03-23 08:13:43','2025-03-23 08:13:43'),(499,'Garagoa',58,'2025-03-23 08:13:43','2025-03-23 08:13:43'),(500,'Guacamayas',58,'2025-03-23 08:13:43','2025-03-23 08:13:43'),(501,'Guayatá',58,'2025-03-23 08:13:43','2025-03-23 08:13:43'),(502,'Güicán',58,'2025-03-23 08:13:43','2025-03-23 08:13:43'),(503,'Jericó',58,'2025-03-23 08:13:43','2025-03-23 08:13:43'),(504,'Labranzagrande',58,'2025-03-23 08:13:43','2025-03-23 08:13:43'),(505,'Macanal',58,'2025-03-23 08:13:43','2025-03-23 08:13:43'),(506,'Maripí',58,'2025-03-23 08:13:43','2025-03-23 08:13:43'),(507,'Miraflores',58,'2025-03-23 08:13:43','2025-03-23 08:13:43'),(508,'Mongua',58,'2025-03-23 08:13:43','2025-03-23 08:13:43'),(509,'Monguí',58,'2025-03-23 08:13:43','2025-03-23 08:13:43'),(510,'Moniquirá',58,'2025-03-23 08:13:43','2025-03-23 08:13:43'),(511,'Muzo',58,'2025-03-23 08:13:43','2025-03-23 08:13:43'),(512,'Nuevo Colón',58,'2025-03-23 08:13:43','2025-03-23 08:13:43'),(513,'Otanche',58,'2025-03-23 08:13:43','2025-03-23 08:13:43'),(514,'Pachavita',58,'2025-03-23 08:13:43','2025-03-23 08:13:43'),(515,'Páez',58,'2025-03-23 08:13:43','2025-03-23 08:13:43'),(516,'Pajarito',58,'2025-03-23 08:13:43','2025-03-23 08:13:43'),(517,'Paya',58,'2025-03-23 08:13:43','2025-03-23 08:13:43'),(518,'Rondón',58,'2025-03-23 08:13:43','2025-03-23 08:13:43'),(519,'San Eduardo',58,'2025-03-23 08:13:43','2025-03-23 08:13:43'),(520,'San José de Pare',58,'2025-03-23 08:13:43','2025-03-23 08:13:43'),(521,'San Luis de Gaceno',58,'2025-03-23 08:13:43','2025-03-23 08:13:43'),(522,'San Mateo',58,'2025-03-23 08:13:43','2025-03-23 08:13:43'),(523,'San Miguel de Sema',58,'2025-03-23 08:13:43','2025-03-23 08:13:43'),(524,'San Pablo de Borbur',58,'2025-03-23 08:13:43','2025-03-23 08:13:43'),(525,'Santa María',58,'2025-03-23 08:13:43','2025-03-23 08:13:43'),(526,'Santa Rosa de Viterbo',58,'2025-03-23 08:13:43','2025-03-23 08:13:43'),(527,'Santa Sofía',58,'2025-03-23 08:13:43','2025-03-23 08:13:43'),(528,'Soatá',58,'2025-03-23 08:13:43','2025-03-23 08:13:43'),(529,'Socha',58,'2025-03-23 08:13:43','2025-03-23 08:13:43'),(530,'Socotá',58,'2025-03-23 08:13:43','2025-03-23 08:13:43'),(531,'Susacón',58,'2025-03-23 08:13:43','2025-03-23 08:13:43'),(532,'Sutatenza',58,'2025-03-23 08:13:43','2025-03-23 08:13:43'),(533,'Úmbita',58,'2025-03-23 08:13:43','2025-03-23 08:13:43'),(534,'Viracachá',58,'2025-03-23 08:13:43','2025-03-23 08:13:43'),(535,'Manizales',59,'2025-03-23 08:13:43','2025-03-23 08:13:43'),(536,'Villamaría',59,'2025-03-23 08:13:43','2025-03-23 08:13:43'),(537,'Chinchiná',59,'2025-03-23 08:13:43','2025-03-23 08:13:43'),(538,'Riosucio',59,'2025-03-23 08:13:43','2025-03-23 08:13:43'),(539,'Aguadas',59,'2025-03-23 08:13:43','2025-03-23 08:13:43'),(540,'Anserma',59,'2025-03-23 08:13:44','2025-03-23 08:13:44'),(541,'Aranzazu',59,'2025-03-23 08:13:44','2025-03-23 08:13:44'),(542,'Belalcázar',59,'2025-03-23 08:13:44','2025-03-23 08:13:44'),(543,'La Dorada',59,'2025-03-23 08:13:44','2025-03-23 08:13:44'),(544,'Marquetalia',59,'2025-03-23 08:13:44','2025-03-23 08:13:44'),(545,'Marulanda',59,'2025-03-23 08:13:44','2025-03-23 08:13:44'),(546,'Neira',59,'2025-03-23 08:13:44','2025-03-23 08:13:44'),(547,'Norcasia',59,'2025-03-23 08:13:44','2025-03-23 08:13:44'),(548,'Pácora',59,'2025-03-23 08:13:44','2025-03-23 08:13:44'),(549,'Palestina',59,'2025-03-23 08:13:44','2025-03-23 08:13:44'),(550,'Pensilvania',59,'2025-03-23 08:13:44','2025-03-23 08:13:44'),(551,'Risaralda',59,'2025-03-23 08:13:44','2025-03-23 08:13:44'),(552,'Salamina',59,'2025-03-23 08:13:44','2025-03-23 08:13:44'),(553,'San José',59,'2025-03-23 08:13:44','2025-03-23 08:13:44'),(554,'Supía',59,'2025-03-23 08:13:44','2025-03-23 08:13:44'),(555,'Florencia',60,'2025-03-23 08:13:44','2025-03-23 08:13:44'),(556,'San Vicente del Caguán',60,'2025-03-23 08:13:44','2025-03-23 08:13:44'),(557,'Cartagena del Chairá',60,'2025-03-23 08:13:44','2025-03-23 08:13:44'),(558,'La Montañita',60,'2025-03-23 08:13:44','2025-03-23 08:13:44'),(559,'El Doncello',60,'2025-03-23 08:13:44','2025-03-23 08:13:44'),(560,'El Paujil',60,'2025-03-23 08:13:44','2025-03-23 08:13:44'),(561,'Morelia',60,'2025-03-23 08:13:44','2025-03-23 08:13:44'),(562,'Puerto Rico',60,'2025-03-23 08:13:44','2025-03-23 08:13:44'),(563,'Solano',60,'2025-03-23 08:13:44','2025-03-23 08:13:44'),(564,'Valparaíso',60,'2025-03-23 08:13:44','2025-03-23 08:13:44'),(565,'Yopal',61,'2025-03-23 08:13:44','2025-03-23 08:13:44'),(566,'Aguazul',61,'2025-03-23 08:13:44','2025-03-23 08:13:44'),(567,'Villanueva',61,'2025-03-23 08:13:44','2025-03-23 08:13:44'),(568,'Tauramena',61,'2025-03-23 08:13:44','2025-03-23 08:13:44'),(569,'Monterrey',61,'2025-03-23 08:13:44','2025-03-23 08:13:44'),(570,'Chámeza',61,'2025-03-23 08:13:44','2025-03-23 08:13:44'),(571,'Hato Corozal',61,'2025-03-23 08:13:44','2025-03-23 08:13:44'),(572,'La Salina',61,'2025-03-23 08:13:44','2025-03-23 08:13:44'),(573,'Maní',61,'2025-03-23 08:13:44','2025-03-23 08:13:44'),(574,'Nunchía',61,'2025-03-23 08:13:44','2025-03-23 08:13:44'),(575,'Orocué',61,'2025-03-23 08:13:44','2025-03-23 08:13:44'),(576,'Paz de Ariporo',61,'2025-03-23 08:13:44','2025-03-23 08:13:44'),(577,'Pore',61,'2025-03-23 08:13:44','2025-03-23 08:13:44'),(578,'Recetor',61,'2025-03-23 08:13:44','2025-03-23 08:13:44'),(579,'Sabanalarga',61,'2025-03-23 08:13:44','2025-03-23 08:13:44'),(580,'Sácama',61,'2025-03-23 08:13:44','2025-03-23 08:13:44'),(581,'San Luis de Palenque',61,'2025-03-23 08:13:44','2025-03-23 08:13:44'),(582,'Támara',61,'2025-03-23 08:13:44','2025-03-23 08:13:44'),(583,'Popayán',62,'2025-03-23 08:13:44','2025-03-23 08:13:44'),(584,'Santander de Quilichao',62,'2025-03-23 08:13:44','2025-03-23 08:13:44'),(585,'Puerto Tejada',62,'2025-03-23 08:13:44','2025-03-23 08:13:44'),(586,'Cajibío',62,'2025-03-23 08:13:44','2025-03-23 08:13:44'),(587,'El Tambo',62,'2025-03-23 08:13:44','2025-03-23 08:13:44'),(588,'Almaguer',62,'2025-03-23 08:13:44','2025-03-23 08:13:44'),(589,'Argelia',62,'2025-03-23 08:13:44','2025-03-23 08:13:44'),(590,'Balboa',62,'2025-03-23 08:13:44','2025-03-23 08:13:44'),(591,'Valledupar',63,'2025-03-23 08:13:44','2025-03-23 08:13:44'),(592,'Aguachica',63,'2025-03-23 08:13:44','2025-03-23 08:13:44'),(593,'Agustín Codazzi',63,'2025-03-23 08:13:44','2025-03-23 08:13:44'),(594,'Chimichagua',63,'2025-03-23 08:13:44','2025-03-23 08:13:44'),(595,'Bosconia',63,'2025-03-23 08:13:44','2025-03-23 08:13:44'),(596,'Quibdó',64,'2025-03-23 08:13:44','2025-03-23 08:13:44'),(597,'Istmina',64,'2025-03-23 08:13:44','2025-03-23 08:13:44'),(598,'Tadó',64,'2025-03-23 08:13:44','2025-03-23 08:13:44'),(599,'Condoto',64,'2025-03-23 08:13:44','2025-03-23 08:13:44'),(600,'Bahía Solano',64,'2025-03-23 08:13:44','2025-03-23 08:13:44'),(601,'Montería',65,'2025-03-23 08:13:44','2025-03-23 08:13:44'),(602,'Cereté',65,'2025-03-23 08:13:44','2025-03-23 08:13:44'),(603,'Sahagún',65,'2025-03-23 08:13:44','2025-03-23 08:13:44'),(604,'Lorica',65,'2025-03-23 08:13:44','2025-03-23 08:13:44'),(605,'Tierralta',65,'2025-03-23 08:13:44','2025-03-23 08:13:44'),(606,'Bogotá',66,'2025-03-23 08:13:44','2025-03-23 08:13:44'),(607,'Soacha',66,'2025-03-23 08:13:44','2025-03-23 08:13:44'),(608,'Girardot',66,'2025-03-23 08:13:44','2025-03-23 08:13:44'),(609,'Fusagasugá',66,'2025-03-23 08:13:44','2025-03-23 08:13:44'),(610,'Zipaquirá',66,'2025-03-23 08:13:44','2025-03-23 08:13:44'),(611,'Inírida',67,'2025-03-23 08:13:44','2025-03-23 08:13:44'),(612,'Barrancominas',67,'2025-03-23 08:13:44','2025-03-23 08:13:44'),(613,'San José del Guaviare',68,'2025-03-23 08:13:44','2025-03-23 08:13:44'),(614,'Miraflores',68,'2025-03-23 08:13:44','2025-03-23 08:13:44'),(615,'Neiva',69,'2025-03-23 08:13:44','2025-03-23 08:13:44'),(616,'Pitalito',69,'2025-03-23 08:13:44','2025-03-23 08:13:44'),(617,'Garzón',69,'2025-03-23 08:13:44','2025-03-23 08:13:44'),(618,'La Plata',69,'2025-03-23 08:13:45','2025-03-23 08:13:45'),(619,'San Agustín',69,'2025-03-23 08:13:45','2025-03-23 08:13:45'),(620,'Riohacha',70,'2025-03-23 08:13:45','2025-03-23 08:13:45'),(621,'Maicao',70,'2025-03-23 08:13:45','2025-03-23 08:13:45'),(622,'Uribia',70,'2025-03-23 08:13:45','2025-03-23 08:13:45'),(623,'Fonseca',70,'2025-03-23 08:13:45','2025-03-23 08:13:45'),(624,'San Juan del Cesar',70,'2025-03-23 08:13:45','2025-03-23 08:13:45'),(625,'Santa Marta',71,'2025-03-23 08:13:45','2025-03-23 08:13:45'),(626,'Ciénaga',71,'2025-03-23 08:13:45','2025-03-23 08:13:45'),(627,'Fundación',71,'2025-03-23 08:13:45','2025-03-23 08:13:45'),(628,'El Banco',71,'2025-03-23 08:13:45','2025-03-23 08:13:45'),(629,'Aracataca',71,'2025-03-23 08:13:45','2025-03-23 08:13:45'),(630,'Villavicencio',72,'2025-03-23 08:13:45','2025-03-23 08:13:45'),(631,'Acacías',72,'2025-03-23 08:13:45','2025-03-23 08:13:45'),(632,'Granada',72,'2025-03-23 08:13:45','2025-03-23 08:13:45'),(633,'San Martín',72,'2025-03-23 08:13:45','2025-03-23 08:13:45'),(634,'Puerto López',72,'2025-03-23 08:13:45','2025-03-23 08:13:45'),(635,'Pasto',73,'2025-03-23 08:13:45','2025-03-23 08:13:45'),(636,'Tumaco',73,'2025-03-23 08:13:45','2025-03-23 08:13:45'),(637,'Ipiales',73,'2025-03-23 08:13:45','2025-03-23 08:13:45'),(638,'La Unión',73,'2025-03-23 08:13:45','2025-03-23 08:13:45'),(639,'Túquerres',73,'2025-03-23 08:13:45','2025-03-23 08:13:45'),(640,'Cúcuta',74,'2025-03-23 08:13:45','2025-03-23 08:13:45'),(641,'Ocaña',74,'2025-03-23 08:13:45','2025-03-23 08:13:45'),(642,'Pamplona',74,'2025-03-23 08:13:45','2025-03-23 08:13:45'),(643,'Villa del Rosario',74,'2025-03-23 08:13:45','2025-03-23 08:13:45'),(644,'Los Patios',74,'2025-03-23 08:13:45','2025-03-23 08:13:45'),(645,'Mocoa',75,'2025-03-23 08:13:45','2025-03-23 08:13:45'),(646,'Puerto Asís',75,'2025-03-23 08:13:45','2025-03-23 08:13:45'),(647,'Puerto Leguízamo',75,'2025-03-23 08:13:45','2025-03-23 08:13:45'),(648,'Sibundoy',75,'2025-03-23 08:13:45','2025-03-23 08:13:45'),(649,'Armenia',76,'2025-03-23 08:13:45','2025-03-23 08:13:45'),(650,'Calarcá',76,'2025-03-23 08:13:45','2025-03-23 08:13:45'),(651,'La Tebaida',76,'2025-03-23 08:13:45','2025-03-23 08:13:45'),(652,'Montenegro',76,'2025-03-23 08:13:45','2025-03-23 08:13:45'),(653,'Pereira',77,'2025-03-23 08:13:45','2025-03-23 08:13:45'),(654,'Dosquebradas',77,'2025-03-23 08:13:45','2025-03-23 08:13:45'),(655,'Santa Rosa de Cabal',77,'2025-03-23 08:13:45','2025-03-23 08:13:45'),(656,'La Virginia',77,'2025-03-23 08:13:45','2025-03-23 08:13:45'),(657,'San Andrés',78,'2025-03-23 08:13:45','2025-03-23 08:13:45'),(658,'Providencia',78,'2025-03-23 08:13:45','2025-03-23 08:13:45'),(659,'Bucaramanga',79,'2025-03-23 08:13:45','2025-03-23 08:13:45'),(660,'Floridablanca',79,'2025-03-23 08:13:45','2025-03-23 08:13:45'),(661,'Girón',79,'2025-03-23 08:13:45','2025-03-23 08:13:45'),(662,'Piedecuesta',79,'2025-03-23 08:13:45','2025-03-23 08:13:45'),(663,'Barrancabermeja',79,'2025-03-23 08:13:45','2025-03-23 08:13:45'),(664,'Sincelejo',80,'2025-03-23 08:13:45','2025-03-23 08:13:45'),(665,'Corozal',80,'2025-03-23 08:13:45','2025-03-23 08:13:45'),(666,'San Marcos',80,'2025-03-23 08:13:45','2025-03-23 08:13:45'),(667,'Sampués',80,'2025-03-23 08:13:45','2025-03-23 08:13:45'),(668,'Tolú',80,'2025-03-23 08:13:45','2025-03-23 08:13:45'),(669,'Ibagué',81,'2025-03-23 08:13:45','2025-03-23 08:13:45'),(670,'Espinal',81,'2025-03-23 08:13:45','2025-03-23 08:13:45'),(671,'Melgar',81,'2025-03-23 08:13:45','2025-03-23 08:13:45'),(672,'Honda',81,'2025-03-23 08:13:45','2025-03-23 08:13:45'),(673,'Flandes',81,'2025-03-23 08:13:45','2025-03-23 08:13:45'),(674,'Cali',82,'2025-03-23 08:13:45','2025-03-23 08:13:45'),(675,'Palmira',82,'2025-03-23 08:13:45','2025-03-23 08:13:45'),(676,'Buenaventura',82,'2025-03-23 08:13:45','2025-03-23 08:13:45'),(677,'Tuluá',82,'2025-03-23 08:13:45','2025-03-23 08:13:45'),(678,'Buga',82,'2025-03-23 08:13:45','2025-03-23 08:13:45'),(679,'Mitú',83,'2025-03-23 08:13:45','2025-03-23 08:13:45'),(680,'Caruru',83,'2025-03-23 08:13:45','2025-03-23 08:13:45'),(681,'Puerto Carreño',84,'2025-03-23 08:13:45','2025-03-23 08:13:45'),(682,'Cumaribo',84,'2025-03-23 08:13:45','2025-03-23 08:13:45'),(683,'Cuenca',85,'2025-03-23 08:13:45','2025-03-23 08:13:45'),(684,'Gualaceo',85,'2025-03-23 08:13:45','2025-03-23 08:13:45'),(685,'Paute',85,'2025-03-23 08:13:45','2025-03-23 08:13:45'),(686,'Azogues',85,'2025-03-23 08:13:45','2025-03-23 08:13:45'),(687,'Santa Isabel',85,'2025-03-23 08:13:45','2025-03-23 08:13:45'),(688,'Tena',86,'2025-03-23 08:13:45','2025-03-23 08:13:45'),(689,'Puerto Francisco de Orellana',86,'2025-03-23 08:13:45','2025-03-23 08:13:45'),(690,'Coca',86,'2025-03-23 08:13:46','2025-03-23 08:13:46'),(691,'Shushufindi',86,'2025-03-23 08:13:46','2025-03-23 08:13:46'),(692,'Sucumbíos',86,'2025-03-23 08:13:46','2025-03-23 08:13:46'),(693,'Azogues',87,'2025-03-23 08:13:46','2025-03-23 08:13:46'),(694,'Biblián',87,'2025-03-23 08:13:46','2025-03-23 08:13:46'),(695,'La Troncal',87,'2025-03-23 08:13:46','2025-03-23 08:13:46'),(696,'Cañar',87,'2025-03-23 08:13:46','2025-03-23 08:13:46'),(697,'Deleg',87,'2025-03-23 08:13:46','2025-03-23 08:13:46'),(698,'Tulcán',88,'2025-03-23 08:13:46','2025-03-23 08:13:46'),(699,'San Gabriel',88,'2025-03-23 08:13:46','2025-03-23 08:13:46'),(700,'Montúfar',88,'2025-03-23 08:13:46','2025-03-23 08:13:46'),(701,'Espejo',88,'2025-03-23 08:13:46','2025-03-23 08:13:46'),(702,'Bolívar',88,'2025-03-23 08:13:46','2025-03-23 08:13:46'),(703,'Riobamba',89,'2025-03-23 08:13:46','2025-03-23 08:13:46'),(704,'Chambo',89,'2025-03-23 08:13:46','2025-03-23 08:13:46'),(705,'Guano',89,'2025-03-23 08:13:46','2025-03-23 08:13:46'),(706,'Alausí',89,'2025-03-23 08:13:46','2025-03-23 08:13:46'),(707,'Colta',89,'2025-03-23 08:13:46','2025-03-23 08:13:46'),(708,'Latacunga',90,'2025-03-23 08:13:46','2025-03-23 08:13:46'),(709,'Saquisilí',90,'2025-03-23 08:13:46','2025-03-23 08:13:46'),(710,'La Maná',90,'2025-03-23 08:13:46','2025-03-23 08:13:46'),(711,'Pujilí',90,'2025-03-23 08:13:46','2025-03-23 08:13:46'),(712,'Sigchos',90,'2025-03-23 08:13:46','2025-03-23 08:13:46'),(713,'Machala',91,'2025-03-23 08:13:46','2025-03-23 08:13:46'),(714,'Pasaje',91,'2025-03-23 08:13:46','2025-03-23 08:13:46'),(715,'Zaruma',91,'2025-03-23 08:13:46','2025-03-23 08:13:46'),(716,'Arenillas',91,'2025-03-23 08:13:46','2025-03-23 08:13:46'),(717,'Santa Rosa',91,'2025-03-23 08:13:46','2025-03-23 08:13:46'),(718,'Esmeraldas',92,'2025-03-23 08:13:46','2025-03-23 08:13:46'),(719,'Atacames',92,'2025-03-23 08:13:46','2025-03-23 08:13:46'),(720,'Muisne',92,'2025-03-23 08:13:46','2025-03-23 08:13:46'),(721,'Ríoverde',92,'2025-03-23 08:13:46','2025-03-23 08:13:46'),(722,'Eloy Alfaro',92,'2025-03-23 08:13:46','2025-03-23 08:13:46'),(723,'Guayaquil',93,'2025-03-23 08:13:46','2025-03-23 08:13:46'),(724,'Daule',93,'2025-03-23 08:13:46','2025-03-23 08:13:46'),(725,'Milagro',93,'2025-03-23 08:13:46','2025-03-23 08:13:46'),(726,'Playas',93,'2025-03-23 08:13:46','2025-03-23 08:13:46'),(727,'Baba',93,'2025-03-23 08:13:46','2025-03-23 08:13:46'),(728,'Ibarra',94,'2025-03-23 08:13:46','2025-03-23 08:13:46'),(729,'Otavalo',94,'2025-03-23 08:13:46','2025-03-23 08:13:46'),(730,'Cotacachi',94,'2025-03-23 08:13:46','2025-03-23 08:13:46'),(731,'Antonio Ante',94,'2025-03-23 08:13:46','2025-03-23 08:13:46'),(732,'San Miguel de Urcuquí',94,'2025-03-23 08:13:46','2025-03-23 08:13:46'),(733,'Loja',95,'2025-03-23 08:13:46','2025-03-23 08:13:46'),(734,'Catamayo',95,'2025-03-23 08:13:46','2025-03-23 08:13:46'),(735,'Vilcabamba',95,'2025-03-23 08:13:46','2025-03-23 08:13:46'),(736,'Zamora',95,'2025-03-23 08:13:46','2025-03-23 08:13:46'),(737,'Macará',95,'2025-03-23 08:13:46','2025-03-23 08:13:46'),(738,'Babahoyo',96,'2025-03-23 08:13:46','2025-03-23 08:13:46'),(739,'Quevedo',96,'2025-03-23 08:13:46','2025-03-23 08:13:46'),(740,'Ventanas',96,'2025-03-23 08:13:46','2025-03-23 08:13:46'),(741,'Urbina',96,'2025-03-23 08:13:46','2025-03-23 08:13:46'),(742,'Valencia',96,'2025-03-23 08:13:46','2025-03-23 08:13:46'),(743,'Portoviejo',97,'2025-03-23 08:13:46','2025-03-23 08:13:46'),(744,'Manta',97,'2025-03-23 08:13:46','2025-03-23 08:13:46'),(745,'Jipijapa',97,'2025-03-23 08:13:46','2025-03-23 08:13:46'),(746,'Chone',97,'2025-03-23 08:13:46','2025-03-23 08:13:46'),(747,'Rocafuerte',97,'2025-03-23 08:13:46','2025-03-23 08:13:46'),(748,'Macas',98,'2025-03-23 08:13:46','2025-03-23 08:13:46'),(749,'Gualaquiza',98,'2025-03-23 08:13:46','2025-03-23 08:13:46'),(750,'Limón Indanza',98,'2025-03-23 08:13:46','2025-03-23 08:13:46'),(751,'Santiago',98,'2025-03-23 08:13:46','2025-03-23 08:13:46'),(752,'Tena',98,'2025-03-23 08:13:46','2025-03-23 08:13:46'),(753,'Tena',99,'2025-03-23 08:13:46','2025-03-23 08:13:46'),(754,'El Chaco',99,'2025-03-23 08:13:46','2025-03-23 08:13:46'),(755,'Archidona',99,'2025-03-23 08:13:46','2025-03-23 08:13:46'),(756,'Quito',99,'2025-03-23 08:13:46','2025-03-23 08:13:46'),(757,'Napo',99,'2025-03-23 08:13:46','2025-03-23 08:13:46'),(758,'Puerto Francisco de Orellana',100,'2025-03-23 08:13:46','2025-03-23 08:13:46'),(759,'Coca',100,'2025-03-23 08:13:46','2025-03-23 08:13:46'),(760,'Shushufindi',100,'2025-03-23 08:13:46','2025-03-23 08:13:46'),(761,'Joya de los Sachas',100,'2025-03-23 08:13:46','2025-03-23 08:13:46'),(762,'Aguarico',100,'2025-03-23 08:13:46','2025-03-23 08:13:46'),(763,'Quito',101,'2025-03-23 08:13:47','2025-03-23 08:13:47'),(764,'Rumiñahui',101,'2025-03-23 08:13:47','2025-03-23 08:13:47'),(765,'Machachi',101,'2025-03-23 08:13:47','2025-03-23 08:13:47'),(766,'Cayambe',101,'2025-03-23 08:13:47','2025-03-23 08:13:47'),(767,'Mejía',101,'2025-03-23 08:13:47','2025-03-23 08:13:47'),(768,'Ambato',102,'2025-03-23 08:13:47','2025-03-23 08:13:47'),(769,'Baños',102,'2025-03-23 08:13:47','2025-03-23 08:13:47'),(770,'Pelileo',102,'2025-03-23 08:13:47','2025-03-23 08:13:47'),(771,'Cevallos',102,'2025-03-23 08:13:47','2025-03-23 08:13:47'),(772,'Patate',102,'2025-03-23 08:13:47','2025-03-23 08:13:47'),(773,'Zamora',103,'2025-03-23 08:13:47','2025-03-23 08:13:47'),(774,'Yantzaza',103,'2025-03-23 08:13:47','2025-03-23 08:13:47'),(775,'Loja',103,'2025-03-23 08:13:47','2025-03-23 08:13:47'),(776,'Chinchipe',103,'2025-03-23 08:13:47','2025-03-23 08:13:47'),(777,'Celica',103,'2025-03-23 08:13:47','2025-03-23 08:13:47'),(778,'Puerto Ayora',104,'2025-03-23 08:13:47','2025-03-23 08:13:47'),(779,'Puerto Baquerizo Moreno',104,'2025-03-23 08:13:47','2025-03-23 08:13:47'),(780,'Isabela',104,'2025-03-23 08:13:47','2025-03-23 08:13:47'),(781,'Santa Cruz',104,'2025-03-23 08:13:47','2025-03-23 08:13:47'),(782,'San Cristóbal',104,'2025-03-23 08:13:47','2025-03-23 08:13:47'),(783,'Aguascalientes',105,'2025-03-23 08:13:47','2025-03-23 08:13:47'),(784,'Jesus Maria',105,'2025-03-23 08:13:47','2025-03-23 08:13:47'),(785,'Pabellón de Arteaga',105,'2025-03-23 08:13:47','2025-03-23 08:13:47'),(786,'Asientos',105,'2025-03-23 08:13:47','2025-03-23 08:13:47'),(787,'Calvillo',105,'2025-03-23 08:13:47','2025-03-23 08:13:47'),(788,'Tijuana',106,'2025-03-23 08:13:47','2025-03-23 08:13:47'),(789,'Mexicali',106,'2025-03-23 08:13:47','2025-03-23 08:13:47'),(790,'Ensenada',106,'2025-03-23 08:13:47','2025-03-23 08:13:47'),(791,'Tecate',106,'2025-03-23 08:13:47','2025-03-23 08:13:47'),(792,'Rosarito',106,'2025-03-23 08:13:47','2025-03-23 08:13:47'),(793,'La Paz',107,'2025-03-23 08:13:47','2025-03-23 08:13:47'),(794,'Cabo San Lucas',107,'2025-03-23 08:13:47','2025-03-23 08:13:47'),(795,'San José del Cabo',107,'2025-03-23 08:13:47','2025-03-23 08:13:47'),(796,'Ciudad Constitución',107,'2025-03-23 08:13:47','2025-03-23 08:13:47'),(797,'Todos Santos',107,'2025-03-23 08:13:47','2025-03-23 08:13:47'),(798,'Campeche',108,'2025-03-23 08:13:47','2025-03-23 08:13:47'),(799,'San Francisco de Campeche',108,'2025-03-23 08:13:47','2025-03-23 08:13:47'),(800,'Calkini',108,'2025-03-23 08:13:47','2025-03-23 08:13:47'),(801,'Escárcega',108,'2025-03-23 08:13:47','2025-03-23 08:13:47'),(802,'Champotón',108,'2025-03-23 08:13:47','2025-03-23 08:13:47'),(803,'Tuxtla Gutierrez',109,'2025-03-23 08:13:47','2025-03-23 08:13:47'),(804,'San Cristóbal de las Casas',109,'2025-03-23 08:13:47','2025-03-23 08:13:47'),(805,'Tapachula',109,'2025-03-23 08:13:47','2025-03-23 08:13:47'),(806,'Comitán',109,'2025-03-23 08:13:47','2025-03-23 08:13:47'),(807,'Palenque',109,'2025-03-23 08:13:47','2025-03-23 08:13:47'),(808,'Chihuahua',110,'2025-03-23 08:13:47','2025-03-23 08:13:47'),(809,'Ciudad Juárez',110,'2025-03-23 08:13:47','2025-03-23 08:13:47'),(810,'Delicias',110,'2025-03-23 08:13:47','2025-03-23 08:13:47'),(811,'Camargo',110,'2025-03-23 08:13:47','2025-03-23 08:13:47'),(812,'Saltillo',111,'2025-03-23 08:13:47','2025-03-23 08:13:47'),(813,'Torreón',111,'2025-03-23 08:13:47','2025-03-23 08:13:47'),(814,'Monclova',111,'2025-03-23 08:13:47','2025-03-23 08:13:47'),(815,'Piedras Negras',111,'2025-03-23 08:13:47','2025-03-23 08:13:47'),(816,'Ramos Arizpe',111,'2025-03-23 08:13:47','2025-03-23 08:13:47'),(817,'Colima',112,'2025-03-23 08:13:47','2025-03-23 08:13:47'),(818,'Manzanillo',112,'2025-03-23 08:13:47','2025-03-23 08:13:47'),(819,'Tecomán',112,'2025-03-23 08:13:47','2025-03-23 08:13:47'),(820,'Villa de Álvarez',112,'2025-03-23 08:13:47','2025-03-23 08:13:47'),(821,'Comala',112,'2025-03-23 08:13:47','2025-03-23 08:13:47'),(822,'Durango',113,'2025-03-23 08:13:47','2025-03-23 08:13:47'),(823,'Gómez Palacio',113,'2025-03-23 08:13:47','2025-03-23 08:13:47'),(824,'Lerdo',113,'2025-03-23 08:13:47','2025-03-23 08:13:47'),(825,'Mazatlán',113,'2025-03-23 08:13:47','2025-03-23 08:13:47'),(826,'La Laguna',113,'2025-03-23 08:13:47','2025-03-23 08:13:47'),(827,'Guanajuato',114,'2025-03-23 08:13:47','2025-03-23 08:13:47'),(828,'León',114,'2025-03-23 08:13:47','2025-03-23 08:13:47'),(829,'Irapuato',114,'2025-03-23 08:13:47','2025-03-23 08:13:47'),(830,'Celaya',114,'2025-03-23 08:13:47','2025-03-23 08:13:47'),(831,'Salamanca',114,'2025-03-23 08:13:47','2025-03-23 08:13:47'),(832,'Chilpancingo',115,'2025-03-23 08:13:47','2025-03-23 08:13:47'),(833,'Acapulco',115,'2025-03-23 08:13:47','2025-03-23 08:13:47'),(834,'Iguala',115,'2025-03-23 08:13:47','2025-03-23 08:13:47'),(835,'Taxco',115,'2025-03-23 08:13:48','2025-03-23 08:13:48'),(836,'Zihuatanejo',115,'2025-03-23 08:13:48','2025-03-23 08:13:48'),(837,'Pachuca',116,'2025-03-23 08:13:48','2025-03-23 08:13:48'),(838,'Tulancingo',116,'2025-03-23 08:13:48','2025-03-23 08:13:48'),(839,'Tizayuca',116,'2025-03-23 08:13:48','2025-03-23 08:13:48'),(840,'Huejutla de Reyes',116,'2025-03-23 08:13:48','2025-03-23 08:13:48'),(841,'Tepeji del Río',116,'2025-03-23 08:13:48','2025-03-23 08:13:48'),(842,'Guadalajara',117,'2025-03-23 08:13:48','2025-03-23 08:13:48'),(843,'Zapopan',117,'2025-03-23 08:13:48','2025-03-23 08:13:48'),(844,'Tlaquepaque',117,'2025-03-23 08:13:48','2025-03-23 08:13:48'),(845,'Puerto Vallarta',117,'2025-03-23 08:13:48','2025-03-23 08:13:48'),(846,'Tonalá',117,'2025-03-23 08:13:48','2025-03-23 08:13:48'),(847,'Mexico City',118,'2025-03-23 08:13:48','2025-03-23 08:13:48'),(848,'Iztapalapa',118,'2025-03-23 08:13:48','2025-03-23 08:13:48'),(849,'Gustavo A. Madero',118,'2025-03-23 08:13:48','2025-03-23 08:13:48'),(850,'Coyoacán',118,'2025-03-23 08:13:48','2025-03-23 08:13:48'),(851,'Azcapotzalco',118,'2025-03-23 08:13:48','2025-03-23 08:13:48'),(852,'Toluca',119,'2025-03-23 08:13:48','2025-03-23 08:13:48'),(853,'Ecatepec',119,'2025-03-23 08:13:48','2025-03-23 08:13:48'),(854,'Naucalpan',119,'2025-03-23 08:13:48','2025-03-23 08:13:48'),(855,'Tlalnepantla',119,'2025-03-23 08:13:48','2025-03-23 08:13:48'),(856,'Nezahualcóyotl',119,'2025-03-23 08:13:48','2025-03-23 08:13:48'),(857,'Morelia',120,'2025-03-23 08:13:48','2025-03-23 08:13:48'),(858,'Uruapan',120,'2025-03-23 08:13:48','2025-03-23 08:13:48'),(859,'Zamora',120,'2025-03-23 08:13:48','2025-03-23 08:13:48'),(860,'Lázaro Cárdenas',120,'2025-03-23 08:13:48','2025-03-23 08:13:48'),(861,'Los Reyes',120,'2025-03-23 08:13:48','2025-03-23 08:13:48'),(862,'Cuernavaca',121,'2025-03-23 08:13:48','2025-03-23 08:13:48'),(863,'Jiutepec',121,'2025-03-23 08:13:48','2025-03-23 08:13:48'),(864,'Temixco',121,'2025-03-23 08:13:48','2025-03-23 08:13:48'),(865,'Zacatepec',121,'2025-03-23 08:13:48','2025-03-23 08:13:48'),(866,'Xochitepec',121,'2025-03-23 08:13:48','2025-03-23 08:13:48'),(867,'Tepic',122,'2025-03-23 08:13:48','2025-03-23 08:13:48'),(868,'Bahía de Banderas',122,'2025-03-23 08:13:48','2025-03-23 08:13:48'),(869,'Xalisco',122,'2025-03-23 08:13:48','2025-03-23 08:13:48'),(870,'Compostela',122,'2025-03-23 08:13:48','2025-03-23 08:13:48'),(871,'Tuxpan',122,'2025-03-23 08:13:48','2025-03-23 08:13:48'),(872,'Monterrey',123,'2025-03-23 08:13:48','2025-03-23 08:13:48'),(873,'San Nicolás',123,'2025-03-23 08:13:48','2025-03-23 08:13:48'),(874,'Guadalupe',123,'2025-03-23 08:13:48','2025-03-23 08:13:48'),(875,'Apodaca',123,'2025-03-23 08:13:48','2025-03-23 08:13:48'),(876,'Escobedo',123,'2025-03-23 08:13:48','2025-03-23 08:13:48'),(877,'Oaxaca',124,'2025-03-23 08:13:48','2025-03-23 08:13:48'),(878,'Salina Cruz',124,'2025-03-23 08:13:48','2025-03-23 08:13:48'),(879,'Huatulco',124,'2025-03-23 08:13:48','2025-03-23 08:13:48'),(880,'Juchitán de Zaragoza',124,'2025-03-23 08:13:48','2025-03-23 08:13:48'),(881,'Puerto Escondido',124,'2025-03-23 08:13:48','2025-03-23 08:13:48'),(882,'Puebla',125,'2025-03-23 08:13:48','2025-03-23 08:13:48'),(883,'Tehuacán',125,'2025-03-23 08:13:48','2025-03-23 08:13:48'),(884,'Atlixco',125,'2025-03-23 08:13:48','2025-03-23 08:13:48'),(885,'Cholula',125,'2025-03-23 08:13:48','2025-03-23 08:13:48'),(886,'Amozoc',125,'2025-03-23 08:13:48','2025-03-23 08:13:48'),(887,'Querétaro',126,'2025-03-23 08:13:48','2025-03-23 08:13:48'),(888,'San Juan del Río',126,'2025-03-23 08:13:48','2025-03-23 08:13:48'),(889,'El Marqués',126,'2025-03-23 08:13:48','2025-03-23 08:13:48'),(890,'El Pueblito',126,'2025-03-23 08:13:48','2025-03-23 08:13:48'),(891,'Cadereyta',126,'2025-03-23 08:13:48','2025-03-23 08:13:48'),(892,'Cancún',127,'2025-03-23 08:13:48','2025-03-23 08:13:48'),(893,'Cozumel',127,'2025-03-23 08:13:48','2025-03-23 08:13:48'),(894,'Playa del Carmen',127,'2025-03-23 08:13:48','2025-03-23 08:13:48'),(895,'Tulum',127,'2025-03-23 08:13:48','2025-03-23 08:13:48'),(896,'Chetumal',127,'2025-03-23 08:13:48','2025-03-23 08:13:48'),(897,'San Luis Potosí',128,'2025-03-23 08:13:48','2025-03-23 08:13:48'),(898,'Soledad de Graciano Sánchez',128,'2025-03-23 08:13:48','2025-03-23 08:13:48'),(899,'Ciudad Valles',128,'2025-03-23 08:13:48','2025-03-23 08:13:48'),(900,'Rioverde',128,'2025-03-23 08:13:48','2025-03-23 08:13:48'),(901,'Matehuala',128,'2025-03-23 08:13:48','2025-03-23 08:13:48'),(902,'Culiacán',129,'2025-03-23 08:13:48','2025-03-23 08:13:48'),(903,'Mazatlán',129,'2025-03-23 08:13:48','2025-03-23 08:13:48'),(904,'Los Mochis',129,'2025-03-23 08:13:48','2025-03-23 08:13:48'),(905,'Guasave',129,'2025-03-23 08:13:48','2025-03-23 08:13:48'),(906,'Ahome',129,'2025-03-23 08:13:48','2025-03-23 08:13:48'),(907,'Hermosillo',130,'2025-03-23 08:13:48','2025-03-23 08:13:48'),(908,'Nogales',130,'2025-03-23 08:13:48','2025-03-23 08:13:48'),(909,'Ciudad Obregón',130,'2025-03-23 08:13:49','2025-03-23 08:13:49'),(910,'San Luis Río Colorado',130,'2025-03-23 08:13:49','2025-03-23 08:13:49'),(911,'Navojoa',130,'2025-03-23 08:13:49','2025-03-23 08:13:49'),(912,'Villahermosa',131,'2025-03-23 08:13:49','2025-03-23 08:13:49'),(913,'Cárdenas',131,'2025-03-23 08:13:49','2025-03-23 08:13:49'),(914,'Comalcalco',131,'2025-03-23 08:13:49','2025-03-23 08:13:49'),(915,'Cunduacán',131,'2025-03-23 08:13:49','2025-03-23 08:13:49'),(916,'Huimanguillo',131,'2025-03-23 08:13:49','2025-03-23 08:13:49'),(917,'Ciudad Victoria',132,'2025-03-23 08:13:49','2025-03-23 08:13:49'),(918,'Reynosa',132,'2025-03-23 08:13:49','2025-03-23 08:13:49'),(919,'Matamoros',132,'2025-03-23 08:13:49','2025-03-23 08:13:49'),(920,'Tampico',132,'2025-03-23 08:13:49','2025-03-23 08:13:49'),(921,'Nuevo Laredo',132,'2025-03-23 08:13:49','2025-03-23 08:13:49'),(922,'Tlaxcala',133,'2025-03-23 08:13:49','2025-03-23 08:13:49'),(923,'Apizaco',133,'2025-03-23 08:13:49','2025-03-23 08:13:49'),(924,'Chiautempan',133,'2025-03-23 08:13:49','2025-03-23 08:13:49'),(925,'Huamantla',133,'2025-03-23 08:13:49','2025-03-23 08:13:49'),(926,'San Pablo del Monte',133,'2025-03-23 08:13:49','2025-03-23 08:13:49'),(927,'Veracruz',134,'2025-03-23 08:13:49','2025-03-23 08:13:49'),(928,'Xalapa',134,'2025-03-23 08:13:49','2025-03-23 08:13:49'),(929,'Córdoba',134,'2025-03-23 08:13:49','2025-03-23 08:13:49'),(930,'Coatzacoalcos',134,'2025-03-23 08:13:49','2025-03-23 08:13:49'),(931,'Minatitlán',134,'2025-03-23 08:13:49','2025-03-23 08:13:49'),(932,'Mérida',135,'2025-03-23 08:13:49','2025-03-23 08:13:49'),(933,'Valladolid',135,'2025-03-23 08:13:49','2025-03-23 08:13:49'),(934,'Tizimín',135,'2025-03-23 08:13:49','2025-03-23 08:13:49'),(935,'Progreso',135,'2025-03-23 08:13:49','2025-03-23 08:13:49'),(936,'Izamal',135,'2025-03-23 08:13:49','2025-03-23 08:13:49'),(937,'Zacatecas',136,'2025-03-23 08:13:49','2025-03-23 08:13:49'),(938,'Guadalupe',136,'2025-03-23 08:13:49','2025-03-23 08:13:49'),(939,'Fresnillo',136,'2025-03-23 08:13:49','2025-03-23 08:13:49'),(940,'Río Grande',136,'2025-03-23 08:13:49','2025-03-23 08:13:49'),(941,'Jerez',136,'2025-03-23 08:13:49','2025-03-23 08:13:49'),(942,'Bocas del Toro',137,'2025-03-23 08:13:49','2025-03-23 08:13:49'),(943,'Changuinola',137,'2025-03-23 08:13:49','2025-03-23 08:13:49'),(944,'Almirante',137,'2025-03-23 08:13:49','2025-03-23 08:13:49'),(945,'Chiriquí Grande',137,'2025-03-23 08:13:49','2025-03-23 08:13:49'),(946,'Puerto Armuelles',137,'2025-03-23 08:13:49','2025-03-23 08:13:49'),(947,'Penonomé',138,'2025-03-23 08:13:49','2025-03-23 08:13:49'),(948,'Aguadulce',138,'2025-03-23 08:13:49','2025-03-23 08:13:49'),(949,'La Pintada',138,'2025-03-23 08:13:49','2025-03-23 08:13:49'),(950,'Antón',138,'2025-03-23 08:13:49','2025-03-23 08:13:49'),(951,'Natá',138,'2025-03-23 08:13:49','2025-03-23 08:13:49'),(952,'Colón',139,'2025-03-23 08:13:49','2025-03-23 08:13:49'),(953,'Puerto Limón',139,'2025-03-23 08:13:49','2025-03-23 08:13:49'),(954,'Cativa',139,'2025-03-23 08:13:49','2025-03-23 08:13:49'),(955,'Portobelo',139,'2025-03-23 08:13:49','2025-03-23 08:13:49'),(956,'Sabanitas',139,'2025-03-23 08:13:49','2025-03-23 08:13:49'),(957,'David',140,'2025-03-23 08:13:49','2025-03-23 08:13:49'),(958,'Boquete',140,'2025-03-23 08:13:49','2025-03-23 08:13:49'),(959,'Concepción',140,'2025-03-23 08:13:49','2025-03-23 08:13:49'),(960,'Bocas del Toro',140,'2025-03-23 08:13:49','2025-03-23 08:13:49'),(961,'Dolega',140,'2025-03-23 08:13:49','2025-03-23 08:13:49'),(962,'Chitré',141,'2025-03-23 08:13:49','2025-03-23 08:13:49'),(963,'Las Minas',141,'2025-03-23 08:13:49','2025-03-23 08:13:49'),(964,'Parita',141,'2025-03-23 08:13:49','2025-03-23 08:13:49'),(965,'Monagrillo',141,'2025-03-23 08:13:49','2025-03-23 08:13:49'),(966,'Los Valles',141,'2025-03-23 08:13:49','2025-03-23 08:13:49'),(967,'Las Tablas',142,'2025-03-23 08:13:49','2025-03-23 08:13:49'),(968,'Chitré',142,'2025-03-23 08:13:49','2025-03-23 08:13:49'),(969,'Guararé',142,'2025-03-23 08:13:49','2025-03-23 08:13:49'),(970,'Pedasí',142,'2025-03-23 08:13:49','2025-03-23 08:13:49'),(971,'Macaracas',142,'2025-03-23 08:13:49','2025-03-23 08:13:49'),(972,'Ciudad de Panamá',143,'2025-03-23 08:13:49','2025-03-23 08:13:49'),(973,'San Miguelito',143,'2025-03-23 08:13:49','2025-03-23 08:13:49'),(974,'Arraiján',143,'2025-03-23 08:13:49','2025-03-23 08:13:49'),(975,'La Chorrera',143,'2025-03-23 08:13:49','2025-03-23 08:13:49'),(976,'Colón',143,'2025-03-23 08:13:49','2025-03-23 08:13:49'),(977,'La Chorrera',144,'2025-03-23 08:13:49','2025-03-23 08:13:49'),(978,'Arraiján',144,'2025-03-23 08:13:49','2025-03-23 08:13:49'),(979,'Capira',144,'2025-03-23 08:13:49','2025-03-23 08:13:49'),(980,'Chame',144,'2025-03-23 08:13:49','2025-03-23 08:13:49'),(981,'San Carlos',144,'2025-03-23 08:13:49','2025-03-23 08:13:49'),(982,'Santiago',145,'2025-03-23 08:13:50','2025-03-23 08:13:50'),(983,'Las Tablas',145,'2025-03-23 08:13:50','2025-03-23 08:13:50'),(984,'La Chorrera',145,'2025-03-23 08:13:50','2025-03-23 08:13:50'),(985,'San José',145,'2025-03-23 08:13:50','2025-03-23 08:13:50'),(986,'Cañazas',145,'2025-03-23 08:13:50','2025-03-23 08:13:50'),(987,'La Palma',146,'2025-03-23 08:13:50','2025-03-23 08:13:50'),(988,'El Real',146,'2025-03-23 08:13:50','2025-03-23 08:13:50'),(989,'Metetí',146,'2025-03-23 08:13:50','2025-03-23 08:13:50'),(990,'Yaviza',146,'2025-03-23 08:13:50','2025-03-23 08:13:50'),(991,'Corazon de Jesús',147,'2025-03-23 08:13:50','2025-03-23 08:13:50'),(992,'Narganá',147,'2025-03-23 08:13:50','2025-03-23 08:13:50'),(993,'Ailigandí',147,'2025-03-23 08:13:50','2025-03-23 08:13:50'),(994,'Manuel Antonio',147,'2025-03-23 08:13:50','2025-03-23 08:13:50'),(995,'Ipetí Emberá',148,'2025-03-23 08:13:50','2025-03-23 08:13:50'),(996,'Caimito',148,'2025-03-23 08:13:50','2025-03-23 08:13:50'),(997,'Coclé del Norte',148,'2025-03-23 08:13:50','2025-03-23 08:13:50'),(998,'Pavarandó',148,'2025-03-23 08:13:50','2025-03-23 08:13:50'),(999,'Río de Jesús',149,'2025-03-23 08:13:50','2025-03-23 08:13:50'),(1000,'Soloy',149,'2025-03-23 08:13:50','2025-03-23 08:13:50'),(1001,'La Comarca Ngäbe-Buglé',149,'2025-03-23 08:13:50','2025-03-23 08:13:50'),(1002,'Chachapoyas',150,'2025-03-23 08:13:50','2025-03-23 08:13:50'),(1003,'Bagua',150,'2025-03-23 08:13:50','2025-03-23 08:13:50'),(1004,'San Ignacio',150,'2025-03-23 08:13:50','2025-03-23 08:13:50'),(1005,'Jaén',150,'2025-03-23 08:13:50','2025-03-23 08:13:50'),(1006,'Rodríguez de Mendoza',150,'2025-03-23 08:13:50','2025-03-23 08:13:50'),(1007,'Huaraz',151,'2025-03-23 08:13:50','2025-03-23 08:13:50'),(1008,'Chimbote',151,'2025-03-23 08:13:50','2025-03-23 08:13:50'),(1009,'Caraz',151,'2025-03-23 08:13:50','2025-03-23 08:13:50'),(1010,'Casma',151,'2025-03-23 08:13:50','2025-03-23 08:13:50'),(1011,'Huarmey',151,'2025-03-23 08:13:50','2025-03-23 08:13:50'),(1012,'Abancay',152,'2025-03-23 08:13:50','2025-03-23 08:13:50'),(1013,'Andahuaylas',152,'2025-03-23 08:13:50','2025-03-23 08:13:50'),(1014,'Antabamba',152,'2025-03-23 08:13:50','2025-03-23 08:13:50'),(1015,'Aymaraes',152,'2025-03-23 08:13:50','2025-03-23 08:13:50'),(1016,'Chalhuanca',152,'2025-03-23 08:13:50','2025-03-23 08:13:50'),(1017,'Arequipa',153,'2025-03-23 08:13:50','2025-03-23 08:13:50'),(1018,'Mollendo',153,'2025-03-23 08:13:50','2025-03-23 08:13:50'),(1019,'Camaná',153,'2025-03-23 08:13:50','2025-03-23 08:13:50'),(1020,'Chivay',153,'2025-03-23 08:13:50','2025-03-23 08:13:50'),(1021,'Vítor',153,'2025-03-23 08:13:50','2025-03-23 08:13:50'),(1022,'Ayacucho',154,'2025-03-23 08:13:50','2025-03-23 08:13:50'),(1023,'Huamanga',154,'2025-03-23 08:13:50','2025-03-23 08:13:50'),(1024,'San Juan de la Frontera',154,'2025-03-23 08:13:50','2025-03-23 08:13:50'),(1025,'Huanta',154,'2025-03-23 08:13:50','2025-03-23 08:13:50'),(1026,'La Mar',154,'2025-03-23 08:13:50','2025-03-23 08:13:50'),(1027,'Cajamarca',155,'2025-03-23 08:13:50','2025-03-23 08:13:50'),(1028,'Celendín',155,'2025-03-23 08:13:50','2025-03-23 08:13:50'),(1029,'Chota',155,'2025-03-23 08:13:50','2025-03-23 08:13:50'),(1030,'Jaén',155,'2025-03-23 08:13:50','2025-03-23 08:13:50'),(1031,'San Ignacio',155,'2025-03-23 08:13:50','2025-03-23 08:13:50'),(1032,'Callao',156,'2025-03-23 08:13:50','2025-03-23 08:13:50'),(1033,'Bellavista',156,'2025-03-23 08:13:50','2025-03-23 08:13:50'),(1034,'La Perla',156,'2025-03-23 08:13:50','2025-03-23 08:13:50'),(1035,'La Punta',156,'2025-03-23 08:13:50','2025-03-23 08:13:50'),(1036,'Cusco',157,'2025-03-23 08:13:50','2025-03-23 08:13:50'),(1037,'Machu Picchu',157,'2025-03-23 08:13:50','2025-03-23 08:13:50'),(1038,'Urubamba',157,'2025-03-23 08:13:50','2025-03-23 08:13:50'),(1039,'Sicuani',157,'2025-03-23 08:13:50','2025-03-23 08:13:50'),(1040,'Calca',157,'2025-03-23 08:13:50','2025-03-23 08:13:50'),(1041,'Huancavelica',158,'2025-03-23 08:13:50','2025-03-23 08:13:50'),(1042,'Acobamba',158,'2025-03-23 08:13:50','2025-03-23 08:13:50'),(1043,'Castrovirreyna',158,'2025-03-23 08:13:50','2025-03-23 08:13:50'),(1044,'Huaytará',158,'2025-03-23 08:13:50','2025-03-23 08:13:50'),(1045,'Huánuco',159,'2025-03-23 08:13:50','2025-03-23 08:13:50'),(1046,'Tingo María',159,'2025-03-23 08:13:50','2025-03-23 08:13:50'),(1047,'La Unión',159,'2025-03-23 08:13:50','2025-03-23 08:13:50'),(1048,'Méndez',159,'2025-03-23 08:13:50','2025-03-23 08:13:50'),(1049,'Churubamba',159,'2025-03-23 08:13:50','2025-03-23 08:13:50'),(1050,'Ica',160,'2025-03-23 08:13:50','2025-03-23 08:13:50'),(1051,'Pisco',160,'2025-03-23 08:13:50','2025-03-23 08:13:50'),(1052,'Chincha Alta',160,'2025-03-23 08:13:50','2025-03-23 08:13:50'),(1053,'Nazca',160,'2025-03-23 08:13:50','2025-03-23 08:13:50'),(1054,'Palpa',160,'2025-03-23 08:13:50','2025-03-23 08:13:50'),(1055,'Huancayo',161,'2025-03-23 08:13:50','2025-03-23 08:13:50'),(1056,'Jauja',161,'2025-03-23 08:13:51','2025-03-23 08:13:51'),(1057,'Concepción',161,'2025-03-23 08:13:51','2025-03-23 08:13:51'),(1058,'Chupaca',161,'2025-03-23 08:13:51','2025-03-23 08:13:51'),(1059,'Tarma',161,'2025-03-23 08:13:51','2025-03-23 08:13:51'),(1060,'Trujillo',162,'2025-03-23 08:13:51','2025-03-23 08:13:51'),(1061,'Chicama',162,'2025-03-23 08:13:51','2025-03-23 08:13:51'),(1062,'Virú',162,'2025-03-23 08:13:51','2025-03-23 08:13:51'),(1063,'Ascope',162,'2025-03-23 08:13:51','2025-03-23 08:13:51'),(1064,'Otuzco',162,'2025-03-23 08:13:51','2025-03-23 08:13:51'),(1065,'Chiclayo',163,'2025-03-23 08:13:51','2025-03-23 08:13:51'),(1066,'Lambayeque',163,'2025-03-23 08:13:51','2025-03-23 08:13:51'),(1067,'Ferreñafe',163,'2025-03-23 08:13:51','2025-03-23 08:13:51'),(1068,'Monsefú',163,'2025-03-23 08:13:51','2025-03-23 08:13:51'),(1069,'Lima',164,'2025-03-23 08:13:51','2025-03-23 08:13:51'),(1070,'Callao',164,'2025-03-23 08:13:51','2025-03-23 08:13:51'),(1071,'Chosica',164,'2025-03-23 08:13:51','2025-03-23 08:13:51'),(1072,'Cañete',164,'2025-03-23 08:13:51','2025-03-23 08:13:51'),(1073,'Barranca',164,'2025-03-23 08:13:51','2025-03-23 08:13:51'),(1074,'Iquitos',165,'2025-03-23 08:13:51','2025-03-23 08:13:51'),(1075,'Nauta',165,'2025-03-23 08:13:51','2025-03-23 08:13:51'),(1076,'Requena',165,'2025-03-23 08:13:51','2025-03-23 08:13:51'),(1077,'Contamana',165,'2025-03-23 08:13:51','2025-03-23 08:13:51'),(1078,'Bagua',165,'2025-03-23 08:13:51','2025-03-23 08:13:51'),(1079,'Puerto Maldonado',166,'2025-03-23 08:13:51','2025-03-23 08:13:51'),(1080,'Tambopata',166,'2025-03-23 08:13:51','2025-03-23 08:13:51'),(1081,'Inambari',166,'2025-03-23 08:13:51','2025-03-23 08:13:51'),(1082,'Moquegua',167,'2025-03-23 08:13:51','2025-03-23 08:13:51'),(1083,'Ilo',167,'2025-03-23 08:13:51','2025-03-23 08:13:51'),(1084,'Omate',167,'2025-03-23 08:13:51','2025-03-23 08:13:51'),(1085,'Camaná',167,'2025-03-23 08:13:51','2025-03-23 08:13:51'),(1086,'Yanahuanca',168,'2025-03-23 08:13:51','2025-03-23 08:13:51'),(1087,'Oxapampa',168,'2025-03-23 08:13:51','2025-03-23 08:13:51'),(1088,'Paucar',168,'2025-03-23 08:13:51','2025-03-23 08:13:51'),(1089,'Villa Rica',168,'2025-03-23 08:13:51','2025-03-23 08:13:51'),(1090,'Piura',169,'2025-03-23 08:13:51','2025-03-23 08:13:51'),(1091,'Talara',169,'2025-03-23 08:13:51','2025-03-23 08:13:51'),(1092,'Sullana',169,'2025-03-23 08:13:51','2025-03-23 08:13:51'),(1093,'Paita',169,'2025-03-23 08:13:51','2025-03-23 08:13:51'),(1094,'Chulucanas',169,'2025-03-23 08:13:51','2025-03-23 08:13:51'),(1095,'Puno',170,'2025-03-23 08:13:51','2025-03-23 08:13:51'),(1096,'Juliaca',170,'2025-03-23 08:13:51','2025-03-23 08:13:51'),(1097,'Ayaviri',170,'2025-03-23 08:13:51','2025-03-23 08:13:51'),(1098,'Lampa',170,'2025-03-23 08:13:51','2025-03-23 08:13:51'),(1099,'Ilave',170,'2025-03-23 08:13:51','2025-03-23 08:13:51'),(1100,'Moyobamba',171,'2025-03-23 08:13:51','2025-03-23 08:13:51'),(1101,'Tarapoto',171,'2025-03-23 08:13:51','2025-03-23 08:13:51'),(1102,'Juanjuí',171,'2025-03-23 08:13:51','2025-03-23 08:13:51'),(1103,'Bellavista',171,'2025-03-23 08:13:51','2025-03-23 08:13:51'),(1104,'Saposoa',171,'2025-03-23 08:13:51','2025-03-23 08:13:51'),(1105,'Tacna',172,'2025-03-23 08:13:51','2025-03-23 08:13:51'),(1106,'Arica',172,'2025-03-23 08:13:51','2025-03-23 08:13:51'),(1107,'Camaná',172,'2025-03-23 08:13:51','2025-03-23 08:13:51'),(1108,'Tarata',172,'2025-03-23 08:13:51','2025-03-23 08:13:51'),(1109,'Tumbes',173,'2025-03-23 08:13:51','2025-03-23 08:13:51'),(1110,'Zorritos',173,'2025-03-23 08:13:51','2025-03-23 08:13:51'),(1111,'Papayal',173,'2025-03-23 08:13:51','2025-03-23 08:13:51'),(1112,'Pucallpa',174,'2025-03-23 08:13:51','2025-03-23 08:13:51'),(1113,'Yurimaguas',174,'2025-03-23 08:13:51','2025-03-23 08:13:51'),(1114,'Callería',174,'2025-03-23 08:13:51','2025-03-23 08:13:51'),(1115,'Curimaná',174,'2025-03-23 08:13:51','2025-03-23 08:13:51'),(1116,'Montgomery',175,'2025-03-23 08:13:51','2025-03-23 08:13:51'),(1117,'Birmingham',175,'2025-03-23 08:13:51','2025-03-23 08:13:51'),(1118,'Mobile',175,'2025-03-23 08:13:51','2025-03-23 08:13:51'),(1119,'Huntsville',175,'2025-03-23 08:13:51','2025-03-23 08:13:51'),(1120,'Tuscaloosa',175,'2025-03-23 08:13:51','2025-03-23 08:13:51'),(1121,'Auburn',175,'2025-03-23 08:13:51','2025-03-23 08:13:51'),(1122,'Dothan',175,'2025-03-23 08:13:51','2025-03-23 08:13:51'),(1123,'Decatur',175,'2025-03-23 08:13:52','2025-03-23 08:13:52'),(1124,'Anchorage',176,'2025-03-23 08:13:52','2025-03-23 08:13:52'),(1125,'Fairbanks',176,'2025-03-23 08:13:52','2025-03-23 08:13:52'),(1126,'Juneau',176,'2025-03-23 08:13:52','2025-03-23 08:13:52'),(1127,'Wasilla',176,'2025-03-23 08:13:52','2025-03-23 08:13:52'),(1128,'Sitka',176,'2025-03-23 08:13:52','2025-03-23 08:13:52'),(1129,'Ketchikan',176,'2025-03-23 08:13:52','2025-03-23 08:13:52'),(1130,'Kenai',176,'2025-03-23 08:13:52','2025-03-23 08:13:52'),(1131,'Kodiak',176,'2025-03-23 08:13:52','2025-03-23 08:13:52'),(1132,'Phoenix',177,'2025-03-23 08:13:52','2025-03-23 08:13:52'),(1133,'Tucson',177,'2025-03-23 08:13:52','2025-03-23 08:13:52'),(1134,'Mesa',177,'2025-03-23 08:13:52','2025-03-23 08:13:52'),(1135,'Chandler',177,'2025-03-23 08:13:52','2025-03-23 08:13:52'),(1136,'Glendale',177,'2025-03-23 08:13:52','2025-03-23 08:13:52'),(1137,'Scottsdale',177,'2025-03-23 08:13:52','2025-03-23 08:13:52'),(1138,'Tempe',177,'2025-03-23 08:13:52','2025-03-23 08:13:52'),(1139,'Peoria',177,'2025-03-23 08:13:52','2025-03-23 08:13:52'),(1140,'Flagstaff',177,'2025-03-23 08:13:52','2025-03-23 08:13:52'),(1141,'Little Rock',178,'2025-03-23 08:13:52','2025-03-23 08:13:52'),(1142,'Fort Smith',178,'2025-03-23 08:13:52','2025-03-23 08:13:52'),(1143,'Fayetteville',178,'2025-03-23 08:13:52','2025-03-23 08:13:52'),(1144,'Springdale',178,'2025-03-23 08:13:52','2025-03-23 08:13:52'),(1145,'Jonesboro',178,'2025-03-23 08:13:52','2025-03-23 08:13:52'),(1146,'North Little Rock',178,'2025-03-23 08:13:52','2025-03-23 08:13:52'),(1147,'Conway',178,'2025-03-23 08:13:52','2025-03-23 08:13:52'),(1148,'Rogers',178,'2025-03-23 08:13:52','2025-03-23 08:13:52'),(1149,'Los Angeles',179,'2025-03-23 08:13:52','2025-03-23 08:13:52'),(1150,'San Francisco',179,'2025-03-23 08:13:52','2025-03-23 08:13:52'),(1151,'San Diego',179,'2025-03-23 08:13:52','2025-03-23 08:13:52'),(1152,'Sacramento',179,'2025-03-23 08:13:52','2025-03-23 08:13:52'),(1153,'San Jose',179,'2025-03-23 08:13:52','2025-03-23 08:13:52'),(1154,'Fresno',179,'2025-03-23 08:13:52','2025-03-23 08:13:52'),(1155,'Long Beach',179,'2025-03-23 08:13:52','2025-03-23 08:13:52'),(1156,'Oakland',179,'2025-03-23 08:13:52','2025-03-23 08:13:52'),(1157,'Denver',180,'2025-03-23 08:13:52','2025-03-23 08:13:52'),(1158,'Colorado Springs',180,'2025-03-23 08:13:52','2025-03-23 08:13:52'),(1159,'Aurora',180,'2025-03-23 08:13:52','2025-03-23 08:13:52'),(1160,'Fort Collins',180,'2025-03-23 08:13:52','2025-03-23 08:13:52'),(1161,'Lakewood',180,'2025-03-23 08:13:52','2025-03-23 08:13:52'),(1162,'Thornton',180,'2025-03-23 08:13:52','2025-03-23 08:13:52'),(1163,'Boulder',180,'2025-03-23 08:13:52','2025-03-23 08:13:52'),(1164,'Pueblo',180,'2025-03-23 08:13:52','2025-03-23 08:13:52'),(1165,'Hartford',181,'2025-03-23 08:13:52','2025-03-23 08:13:52'),(1166,'Bridgeport',181,'2025-03-23 08:13:52','2025-03-23 08:13:52'),(1167,'New Haven',181,'2025-03-23 08:13:52','2025-03-23 08:13:52'),(1168,'Stamford',181,'2025-03-23 08:13:52','2025-03-23 08:13:52'),(1169,'Waterbury',181,'2025-03-23 08:13:52','2025-03-23 08:13:52'),(1170,'Norwalk',181,'2025-03-23 08:13:52','2025-03-23 08:13:52'),(1171,'Danbury',181,'2025-03-23 08:13:52','2025-03-23 08:13:52'),(1172,'Greenwich',181,'2025-03-23 08:13:52','2025-03-23 08:13:52'),(1173,'Wilmington',182,'2025-03-23 08:13:52','2025-03-23 08:13:52'),(1174,'Dover',182,'2025-03-23 08:13:52','2025-03-23 08:13:52'),(1175,'Newark',182,'2025-03-23 08:13:52','2025-03-23 08:13:52'),(1176,'Middletown',182,'2025-03-23 08:13:52','2025-03-23 08:13:52'),(1177,'Smyrna',182,'2025-03-23 08:13:52','2025-03-23 08:13:52'),(1178,'Miami',183,'2025-03-23 08:13:52','2025-03-23 08:13:52'),(1179,'Orlando',183,'2025-03-23 08:13:52','2025-03-23 08:13:52'),(1180,'Tampa',183,'2025-03-23 08:13:52','2025-03-23 08:13:52'),(1181,'Jacksonville',183,'2025-03-23 08:13:52','2025-03-23 08:13:52'),(1182,'Fort Lauderdale',183,'2025-03-23 08:13:52','2025-03-23 08:13:52'),(1183,'Tallahassee',183,'2025-03-23 08:13:52','2025-03-23 08:13:52'),(1184,'St. Petersburg',183,'2025-03-23 08:13:52','2025-03-23 08:13:52'),(1185,'Hialeah',183,'2025-03-23 08:13:52','2025-03-23 08:13:52'),(1186,'Atlanta',184,'2025-03-23 08:13:52','2025-03-23 08:13:52'),(1187,'Augusta',184,'2025-03-23 08:13:52','2025-03-23 08:13:52'),(1188,'Columbus',184,'2025-03-23 08:13:52','2025-03-23 08:13:52'),(1189,'Savannah',184,'2025-03-23 08:13:52','2025-03-23 08:13:52'),(1190,'Macon',184,'2025-03-23 08:13:52','2025-03-23 08:13:52'),(1191,'Athens',184,'2025-03-23 08:13:52','2025-03-23 08:13:52'),(1192,'Roswell',184,'2025-03-23 08:13:52','2025-03-23 08:13:52'),(1193,'Sandy Springs',184,'2025-03-23 08:13:52','2025-03-23 08:13:52'),(1194,'Honolulu',185,'2025-03-23 08:13:52','2025-03-23 08:13:52'),(1195,'Pearl City',185,'2025-03-23 08:13:52','2025-03-23 08:13:52'),(1196,'Hilo',185,'2025-03-23 08:13:52','2025-03-23 08:13:52'),(1197,'Kailua',185,'2025-03-23 08:13:52','2025-03-23 08:13:52'),(1198,'Kapolei',185,'2025-03-23 08:13:52','2025-03-23 08:13:52'),(1199,'Boise',186,'2025-03-23 08:13:52','2025-03-23 08:13:52'),(1200,'Nampa',186,'2025-03-23 08:13:53','2025-03-23 08:13:53'),(1201,'Meridian',186,'2025-03-23 08:13:53','2025-03-23 08:13:53'),(1202,'Idaho Falls',186,'2025-03-23 08:13:53','2025-03-23 08:13:53'),(1203,'Pocatello',186,'2025-03-23 08:13:53','2025-03-23 08:13:53'),(1204,'Twin Falls',186,'2025-03-23 08:13:53','2025-03-23 08:13:53'),(1205,'Chicago',187,'2025-03-23 08:13:53','2025-03-23 08:13:53'),(1206,'Aurora',187,'2025-03-23 08:13:53','2025-03-23 08:13:53'),(1207,'Naperville',187,'2025-03-23 08:13:53','2025-03-23 08:13:53'),(1208,'Springfield',187,'2025-03-23 08:13:53','2025-03-23 08:13:53'),(1209,'Peoria',187,'2025-03-23 08:13:53','2025-03-23 08:13:53'),(1210,'Elgin',187,'2025-03-23 08:13:53','2025-03-23 08:13:53'),(1211,'Wheaton',187,'2025-03-23 08:13:53','2025-03-23 08:13:53'),(1212,'Champaign',187,'2025-03-23 08:13:53','2025-03-23 08:13:53'),(1213,'Indianapolis',188,'2025-03-23 08:13:53','2025-03-23 08:13:53'),(1214,'Fort Wayne',188,'2025-03-23 08:13:53','2025-03-23 08:13:53'),(1215,'Evansville',188,'2025-03-23 08:13:53','2025-03-23 08:13:53'),(1216,'South Bend',188,'2025-03-23 08:13:53','2025-03-23 08:13:53'),(1217,'Carmel',188,'2025-03-23 08:13:53','2025-03-23 08:13:53'),(1218,'Fishers',188,'2025-03-23 08:13:53','2025-03-23 08:13:53'),(1219,'Bloomington',188,'2025-03-23 08:13:53','2025-03-23 08:13:53'),(1220,'Des Moines',189,'2025-03-23 08:13:53','2025-03-23 08:13:53'),(1221,'Cedar Rapids',189,'2025-03-23 08:13:53','2025-03-23 08:13:53'),(1222,'Davenport',189,'2025-03-23 08:13:53','2025-03-23 08:13:53'),(1223,'Sioux City',189,'2025-03-23 08:13:53','2025-03-23 08:13:53'),(1224,'Iowa City',189,'2025-03-23 08:13:53','2025-03-23 08:13:53'),(1225,'Waterloo',189,'2025-03-23 08:13:53','2025-03-23 08:13:53'),(1226,'Council Bluffs',189,'2025-03-23 08:13:53','2025-03-23 08:13:53'),(1227,'Wichita',190,'2025-03-23 08:13:53','2025-03-23 08:13:53'),(1228,'Overland Park',190,'2025-03-23 08:13:53','2025-03-23 08:13:53'),(1229,'Kansas City',190,'2025-03-23 08:13:53','2025-03-23 08:13:53'),(1230,'Topeka',190,'2025-03-23 08:13:53','2025-03-23 08:13:53'),(1231,'Olathe',190,'2025-03-23 08:13:53','2025-03-23 08:13:53'),(1232,'Lawrence',190,'2025-03-23 08:13:53','2025-03-23 08:13:53'),(1233,'Shawnee',190,'2025-03-23 08:13:53','2025-03-23 08:13:53'),(1234,'Louisville',191,'2025-03-23 08:13:53','2025-03-23 08:13:53'),(1235,'Lexington',191,'2025-03-23 08:13:53','2025-03-23 08:13:53'),(1236,'Bowling Green',191,'2025-03-23 08:13:53','2025-03-23 08:13:53'),(1237,'Owensboro',191,'2025-03-23 08:13:53','2025-03-23 08:13:53'),(1238,'Covington',191,'2025-03-23 08:13:53','2025-03-23 08:13:53'),(1239,'Richmond',191,'2025-03-23 08:13:53','2025-03-23 08:13:53'),(1240,'Florence',191,'2025-03-23 08:13:53','2025-03-23 08:13:53'),(1241,'New Orleans',192,'2025-03-23 08:13:53','2025-03-23 08:13:53'),(1242,'Baton Rouge',192,'2025-03-23 08:13:53','2025-03-23 08:13:53'),(1243,'Shreveport',192,'2025-03-23 08:13:53','2025-03-23 08:13:53'),(1244,'Lafayette',192,'2025-03-23 08:13:53','2025-03-23 08:13:53'),(1245,'Lake Charles',192,'2025-03-23 08:13:53','2025-03-23 08:13:53'),(1246,'Metairie',192,'2025-03-23 08:13:53','2025-03-23 08:13:53'),(1247,'Kenner',192,'2025-03-23 08:13:53','2025-03-23 08:13:53'),(1248,'Portland',193,'2025-03-23 08:13:53','2025-03-23 08:13:53'),(1249,'Lewiston',193,'2025-03-23 08:13:53','2025-03-23 08:13:53'),(1250,'Bangor',193,'2025-03-23 08:13:53','2025-03-23 08:13:53'),(1251,'Augusta',193,'2025-03-23 08:13:53','2025-03-23 08:13:53'),(1252,'Biddeford',193,'2025-03-23 08:13:53','2025-03-23 08:13:53'),(1253,'Baltimore',194,'2025-03-23 08:13:53','2025-03-23 08:13:53'),(1254,'Frederick',194,'2025-03-23 08:13:53','2025-03-23 08:13:53'),(1255,'Gaithersburg',194,'2025-03-23 08:13:53','2025-03-23 08:13:53'),(1256,'Rockville',194,'2025-03-23 08:13:53','2025-03-23 08:13:53'),(1257,'Bowie',194,'2025-03-23 08:13:53','2025-03-23 08:13:53'),(1258,'Hagerstown',194,'2025-03-23 08:13:53','2025-03-23 08:13:53'),(1259,'Annapolis',194,'2025-03-23 08:13:53','2025-03-23 08:13:53'),(1260,'Boston',195,'2025-03-23 08:13:53','2025-03-23 08:13:53'),(1261,'Worcester',195,'2025-03-23 08:13:53','2025-03-23 08:13:53'),(1262,'Springfield',195,'2025-03-23 08:13:53','2025-03-23 08:13:53'),(1263,'Lowell',195,'2025-03-23 08:13:53','2025-03-23 08:13:53'),(1264,'Cambridge',195,'2025-03-23 08:13:53','2025-03-23 08:13:53'),(1265,'New Bedford',195,'2025-03-23 08:13:53','2025-03-23 08:13:53'),(1266,'Brockton',195,'2025-03-23 08:13:53','2025-03-23 08:13:53'),(1267,'Detroit',196,'2025-03-23 08:13:53','2025-03-23 08:13:53'),(1268,'Grand Rapids',196,'2025-03-23 08:13:53','2025-03-23 08:13:53'),(1269,'Warren',196,'2025-03-23 08:13:53','2025-03-23 08:13:53'),(1270,'Flint',196,'2025-03-23 08:13:53','2025-03-23 08:13:53'),(1271,'Ann Arbor',196,'2025-03-23 08:13:53','2025-03-23 08:13:53'),(1272,'Lansing',196,'2025-03-23 08:13:53','2025-03-23 08:13:53'),(1273,'Sterling Heights',196,'2025-03-23 08:13:53','2025-03-23 08:13:53'),(1274,'Minneapolis',197,'2025-03-23 08:13:53','2025-03-23 08:13:53'),(1275,'Saint Paul',197,'2025-03-23 08:13:53','2025-03-23 08:13:53'),(1276,'Rochester',197,'2025-03-23 08:13:53','2025-03-23 08:13:53'),(1277,'Duluth',197,'2025-03-23 08:13:54','2025-03-23 08:13:54'),(1278,'Bloomington',197,'2025-03-23 08:13:54','2025-03-23 08:13:54'),(1279,'Plymouth',197,'2025-03-23 08:13:54','2025-03-23 08:13:54'),(1280,'St. Cloud',197,'2025-03-23 08:13:54','2025-03-23 08:13:54'),(1281,'Jackson',198,'2025-03-23 08:13:54','2025-03-23 08:13:54'),(1282,'Gulfport',198,'2025-03-23 08:13:54','2025-03-23 08:13:54'),(1283,'Biloxi',198,'2025-03-23 08:13:54','2025-03-23 08:13:54'),(1284,'Hattiesburg',198,'2025-03-23 08:13:54','2025-03-23 08:13:54'),(1285,'Southaven',198,'2025-03-23 08:13:54','2025-03-23 08:13:54'),(1286,'Olive Branch',198,'2025-03-23 08:13:54','2025-03-23 08:13:54'),(1287,'Tupelo',198,'2025-03-23 08:13:54','2025-03-23 08:13:54'),(1288,'Kansas City',199,'2025-03-23 08:13:54','2025-03-23 08:13:54'),(1289,'Saint Louis',199,'2025-03-23 08:13:54','2025-03-23 08:13:54'),(1290,'Springfield',199,'2025-03-23 08:13:54','2025-03-23 08:13:54'),(1291,'Independence',199,'2025-03-23 08:13:54','2025-03-23 08:13:54'),(1292,'Columbia',199,'2025-03-23 08:13:54','2025-03-23 08:13:54'),(1293,'Lee\'s Summit',199,'2025-03-23 08:13:54','2025-03-23 08:13:54'),(1294,'O\'Fallon',199,'2025-03-23 08:13:54','2025-03-23 08:13:54'),(1295,'Billings',200,'2025-03-23 08:13:54','2025-03-23 08:13:54'),(1296,'Missoula',200,'2025-03-23 08:13:54','2025-03-23 08:13:54'),(1297,'Great Falls',200,'2025-03-23 08:13:54','2025-03-23 08:13:54'),(1298,'Bozeman',200,'2025-03-23 08:13:54','2025-03-23 08:13:54'),(1299,'Helena',200,'2025-03-23 08:13:54','2025-03-23 08:13:54'),(1300,'Kalispell',200,'2025-03-23 08:13:54','2025-03-23 08:13:54'),(1301,'Omaha',201,'2025-03-23 08:13:54','2025-03-23 08:13:54'),(1302,'Lincoln',201,'2025-03-23 08:13:54','2025-03-23 08:13:54'),(1303,'Bellevue',201,'2025-03-23 08:13:54','2025-03-23 08:13:54'),(1304,'Grand Island',201,'2025-03-23 08:13:54','2025-03-23 08:13:54'),(1305,'Kearney',201,'2025-03-23 08:13:54','2025-03-23 08:13:54'),(1306,'Fremont',201,'2025-03-23 08:13:54','2025-03-23 08:13:54'),(1307,'Hastings',201,'2025-03-23 08:13:54','2025-03-23 08:13:54'),(1308,'Las Vegas',202,'2025-03-23 08:13:54','2025-03-23 08:13:54'),(1309,'Henderson',202,'2025-03-23 08:13:54','2025-03-23 08:13:54'),(1310,'Paradise',202,'2025-03-23 08:13:54','2025-03-23 08:13:54'),(1311,'Reno',202,'2025-03-23 08:13:54','2025-03-23 08:13:54'),(1312,'North Las Vegas',202,'2025-03-23 08:13:54','2025-03-23 08:13:54'),(1313,'Sparks',202,'2025-03-23 08:13:54','2025-03-23 08:13:54'),(1314,'Carson City',202,'2025-03-23 08:13:54','2025-03-23 08:13:54'),(1315,'Manchester',203,'2025-03-23 08:13:54','2025-03-23 08:13:54'),(1316,'Nashua',203,'2025-03-23 08:13:54','2025-03-23 08:13:54'),(1317,'Concord',203,'2025-03-23 08:13:54','2025-03-23 08:13:54'),(1318,'Derry',203,'2025-03-23 08:13:54','2025-03-23 08:13:54'),(1319,'Londonderry',203,'2025-03-23 08:13:54','2025-03-23 08:13:54'),(1320,'Newark',204,'2025-03-23 08:13:54','2025-03-23 08:13:54'),(1321,'Jersey City',204,'2025-03-23 08:13:54','2025-03-23 08:13:54'),(1322,'Paterson',204,'2025-03-23 08:13:54','2025-03-23 08:13:54'),(1323,'Elizabeth',204,'2025-03-23 08:13:54','2025-03-23 08:13:54'),(1324,'Edison',204,'2025-03-23 08:13:54','2025-03-23 08:13:54'),(1325,'Toms River',204,'2025-03-23 08:13:54','2025-03-23 08:13:54'),(1326,'Trenton',204,'2025-03-23 08:13:54','2025-03-23 08:13:54'),(1327,'Albuquerque',205,'2025-03-23 08:13:54','2025-03-23 08:13:54'),(1328,'Las Cruces',205,'2025-03-23 08:13:54','2025-03-23 08:13:54'),(1329,'Rio Rancho',205,'2025-03-23 08:13:54','2025-03-23 08:13:54'),(1330,'Santa Fe',205,'2025-03-23 08:13:54','2025-03-23 08:13:54'),(1331,'Roswell',205,'2025-03-23 08:13:54','2025-03-23 08:13:54'),(1332,'Farmington',205,'2025-03-23 08:13:54','2025-03-23 08:13:54'),(1333,'New York City',206,'2025-03-23 08:13:54','2025-03-23 08:13:54'),(1334,'Buffalo',206,'2025-03-23 08:13:54','2025-03-23 08:13:54'),(1335,'Rochester',206,'2025-03-23 08:13:54','2025-03-23 08:13:54'),(1336,'Albany',206,'2025-03-23 08:13:54','2025-03-23 08:13:54'),(1337,'Syracuse',206,'2025-03-23 08:13:54','2025-03-23 08:13:54'),(1338,'Yonkers',206,'2025-03-23 08:13:54','2025-03-23 08:13:54'),(1339,'Schenectady',206,'2025-03-23 08:13:54','2025-03-23 08:13:54'),(1340,'Charlotte',207,'2025-03-23 08:13:54','2025-03-23 08:13:54'),(1341,'Raleigh',207,'2025-03-23 08:13:54','2025-03-23 08:13:54'),(1342,'Durham',207,'2025-03-23 08:13:54','2025-03-23 08:13:54'),(1343,'Greensboro',207,'2025-03-23 08:13:54','2025-03-23 08:13:54'),(1344,'Winston-Salem',207,'2025-03-23 08:13:54','2025-03-23 08:13:54'),(1345,'Fayetteville',207,'2025-03-23 08:13:54','2025-03-23 08:13:54'),(1346,'Cary',207,'2025-03-23 08:13:54','2025-03-23 08:13:54'),(1347,'Fargo',208,'2025-03-23 08:13:54','2025-03-23 08:13:54'),(1348,'Bismarck',208,'2025-03-23 08:13:54','2025-03-23 08:13:54'),(1349,'Grand Forks',208,'2025-03-23 08:13:54','2025-03-23 08:13:54'),(1350,'Minot',208,'2025-03-23 08:13:54','2025-03-23 08:13:54'),(1351,'West Fargo',208,'2025-03-23 08:13:54','2025-03-23 08:13:54'),(1352,'Columbus',209,'2025-03-23 08:13:54','2025-03-23 08:13:54'),(1353,'Cleveland',209,'2025-03-23 08:13:54','2025-03-23 08:13:54'),(1354,'Cincinnati',209,'2025-03-23 08:13:55','2025-03-23 08:13:55'),(1355,'Toledo',209,'2025-03-23 08:13:55','2025-03-23 08:13:55'),(1356,'Akron',209,'2025-03-23 08:13:55','2025-03-23 08:13:55'),(1357,'Dayton',209,'2025-03-23 08:13:55','2025-03-23 08:13:55'),(1358,'Canton',209,'2025-03-23 08:13:55','2025-03-23 08:13:55'),(1359,'Oklahoma City',210,'2025-03-23 08:13:55','2025-03-23 08:13:55'),(1360,'Tulsa',210,'2025-03-23 08:13:55','2025-03-23 08:13:55'),(1361,'Norman',210,'2025-03-23 08:13:55','2025-03-23 08:13:55'),(1362,'Broken Arrow',210,'2025-03-23 08:13:55','2025-03-23 08:13:55'),(1363,'Edmond',210,'2025-03-23 08:13:55','2025-03-23 08:13:55'),(1364,'Moore',210,'2025-03-23 08:13:55','2025-03-23 08:13:55'),(1365,'Lawton',210,'2025-03-23 08:13:55','2025-03-23 08:13:55'),(1366,'Portland',211,'2025-03-23 08:13:55','2025-03-23 08:13:55'),(1367,'Eugene',211,'2025-03-23 08:13:55','2025-03-23 08:13:55'),(1368,'Salem',211,'2025-03-23 08:13:55','2025-03-23 08:13:55'),(1369,'Gresham',211,'2025-03-23 08:13:55','2025-03-23 08:13:55'),(1370,'Hillsboro',211,'2025-03-23 08:13:55','2025-03-23 08:13:55'),(1371,'Beaverton',211,'2025-03-23 08:13:55','2025-03-23 08:13:55'),(1372,'Medford',211,'2025-03-23 08:13:55','2025-03-23 08:13:55'),(1373,'Philadelphia',212,'2025-03-23 08:13:55','2025-03-23 08:13:55'),(1374,'Pittsburgh',212,'2025-03-23 08:13:55','2025-03-23 08:13:55'),(1375,'Allentown',212,'2025-03-23 08:13:55','2025-03-23 08:13:55'),(1376,'Erie',212,'2025-03-23 08:13:55','2025-03-23 08:13:55'),(1377,'Reading',212,'2025-03-23 08:13:55','2025-03-23 08:13:55'),(1378,'Scranton',212,'2025-03-23 08:13:55','2025-03-23 08:13:55'),(1379,'Bethlehem',212,'2025-03-23 08:13:55','2025-03-23 08:13:55'),(1380,'Providence',213,'2025-03-23 08:13:55','2025-03-23 08:13:55'),(1381,'Warwick',213,'2025-03-23 08:13:55','2025-03-23 08:13:55'),(1382,'Cranston',213,'2025-03-23 08:13:55','2025-03-23 08:13:55'),(1383,'Pawtucket',213,'2025-03-23 08:13:55','2025-03-23 08:13:55'),(1384,'East Providence',213,'2025-03-23 08:13:55','2025-03-23 08:13:55'),(1385,'Columbia',214,'2025-03-23 08:13:55','2025-03-23 08:13:55'),(1386,'Charleston',214,'2025-03-23 08:13:55','2025-03-23 08:13:55'),(1387,'North Charleston',214,'2025-03-23 08:13:55','2025-03-23 08:13:55'),(1388,'Greenville',214,'2025-03-23 08:13:55','2025-03-23 08:13:55'),(1389,'Spartanburg',214,'2025-03-23 08:13:55','2025-03-23 08:13:55'),(1390,'Rock Hill',214,'2025-03-23 08:13:55','2025-03-23 08:13:55'),(1391,'Sioux Falls',215,'2025-03-23 08:13:55','2025-03-23 08:13:55'),(1392,'Rapid City',215,'2025-03-23 08:13:55','2025-03-23 08:13:55'),(1393,'Aberdeen',215,'2025-03-23 08:13:55','2025-03-23 08:13:55'),(1394,'Brookings',215,'2025-03-23 08:13:55','2025-03-23 08:13:55'),(1395,'Memphis',216,'2025-03-23 08:13:55','2025-03-23 08:13:55'),(1396,'Nashville',216,'2025-03-23 08:13:55','2025-03-23 08:13:55'),(1397,'Knoxville',216,'2025-03-23 08:13:55','2025-03-23 08:13:55'),(1398,'Chattanooga',216,'2025-03-23 08:13:55','2025-03-23 08:13:55'),(1399,'Murfreesboro',216,'2025-03-23 08:13:55','2025-03-23 08:13:55'),(1400,'Clarksville',216,'2025-03-23 08:13:55','2025-03-23 08:13:55'),(1401,'Houston',217,'2025-03-23 08:13:55','2025-03-23 08:13:55'),(1402,'San Antonio',217,'2025-03-23 08:13:55','2025-03-23 08:13:55'),(1403,'Dallas',217,'2025-03-23 08:13:55','2025-03-23 08:13:55'),(1404,'Austin',217,'2025-03-23 08:13:55','2025-03-23 08:13:55'),(1405,'Fort Worth',217,'2025-03-23 08:13:55','2025-03-23 08:13:55'),(1406,'El Paso',217,'2025-03-23 08:13:55','2025-03-23 08:13:55'),(1407,'Arlington',217,'2025-03-23 08:13:55','2025-03-23 08:13:55'),(1408,'Salt Lake City',218,'2025-03-23 08:13:55','2025-03-23 08:13:55'),(1409,'West Valley City',218,'2025-03-23 08:13:55','2025-03-23 08:13:55'),(1410,'Provo',218,'2025-03-23 08:13:55','2025-03-23 08:13:55'),(1411,'Sandy',218,'2025-03-23 08:13:55','2025-03-23 08:13:55'),(1412,'Orem',218,'2025-03-23 08:13:55','2025-03-23 08:13:55'),(1413,'Ogden',218,'2025-03-23 08:13:55','2025-03-23 08:13:55'),(1414,'Layton',218,'2025-03-23 08:13:55','2025-03-23 08:13:55'),(1415,'Burlington',219,'2025-03-23 08:13:55','2025-03-23 08:13:55'),(1416,'South Burlington',219,'2025-03-23 08:13:55','2025-03-23 08:13:55'),(1417,'Colchester',219,'2025-03-23 08:13:55','2025-03-23 08:13:55'),(1418,'Winooski',219,'2025-03-23 08:13:55','2025-03-23 08:13:55'),(1419,'Essex',219,'2025-03-23 08:13:55','2025-03-23 08:13:55'),(1420,'Virginia Beach',220,'2025-03-23 08:13:55','2025-03-23 08:13:55'),(1421,'Norfolk',220,'2025-03-23 08:13:55','2025-03-23 08:13:55'),(1422,'Chesapeake',220,'2025-03-23 08:13:55','2025-03-23 08:13:55'),(1423,'Richmond',220,'2025-03-23 08:13:55','2025-03-23 08:13:55'),(1424,'Newport News',220,'2025-03-23 08:13:55','2025-03-23 08:13:55'),(1425,'Hampton',220,'2025-03-23 08:13:55','2025-03-23 08:13:55'),(1426,'Alexandria',220,'2025-03-23 08:13:55','2025-03-23 08:13:55'),(1427,'Seattle',221,'2025-03-23 08:13:55','2025-03-23 08:13:55'),(1428,'Spokane',221,'2025-03-23 08:13:55','2025-03-23 08:13:55'),(1429,'Tacoma',221,'2025-03-23 08:13:55','2025-03-23 08:13:55'),(1430,'Bellevue',221,'2025-03-23 08:13:55','2025-03-23 08:13:55'),(1431,'Everett',221,'2025-03-23 08:13:55','2025-03-23 08:13:55'),(1432,'Kent',221,'2025-03-23 08:13:55','2025-03-23 08:13:55'),(1433,'Yakima',221,'2025-03-23 08:13:56','2025-03-23 08:13:56'),(1434,'Charleston',222,'2025-03-23 08:13:56','2025-03-23 08:13:56'),(1435,'Huntington',222,'2025-03-23 08:13:56','2025-03-23 08:13:56'),(1436,'Parkersburg',222,'2025-03-23 08:13:56','2025-03-23 08:13:56'),(1437,'Morgantown',222,'2025-03-23 08:13:56','2025-03-23 08:13:56'),(1438,'Wheeling',222,'2025-03-23 08:13:56','2025-03-23 08:13:56'),(1439,'Milwaukee',223,'2025-03-23 08:13:56','2025-03-23 08:13:56'),(1440,'Madison',223,'2025-03-23 08:13:56','2025-03-23 08:13:56'),(1441,'Green Bay',223,'2025-03-23 08:13:56','2025-03-23 08:13:56'),(1442,'Kenosha',223,'2025-03-23 08:13:56','2025-03-23 08:13:56'),(1443,'Racine',223,'2025-03-23 08:13:56','2025-03-23 08:13:56'),(1444,'Appleton',223,'2025-03-23 08:13:56','2025-03-23 08:13:56'),(1445,'Cheyenne',224,'2025-03-23 08:13:56','2025-03-23 08:13:56'),(1446,'Casper',224,'2025-03-23 08:13:56','2025-03-23 08:13:56'),(1447,'Laramie',224,'2025-03-23 08:13:56','2025-03-23 08:13:56'),(1448,'Gillette',224,'2025-03-23 08:13:56','2025-03-23 08:13:56'),(1449,'Rock Springs',224,'2025-03-23 08:13:56','2025-03-23 08:13:56'),(1450,'Puerto Ayacucho',225,'2025-03-23 08:13:56','2025-03-23 08:13:56'),(1451,'San Fernando de Atabapo',225,'2025-03-23 08:13:56','2025-03-23 08:13:56'),(1452,'La Esmeralda',225,'2025-03-23 08:13:56','2025-03-23 08:13:56'),(1453,'Bajo Caro',225,'2025-03-23 08:13:56','2025-03-23 08:13:56'),(1454,'Barcelona',226,'2025-03-23 08:13:56','2025-03-23 08:13:56'),(1455,'Puerto La Cruz',226,'2025-03-23 08:13:56','2025-03-23 08:13:56'),(1456,'Lechería',226,'2025-03-23 08:13:56','2025-03-23 08:13:56'),(1457,'El Tigre',226,'2025-03-23 08:13:56','2025-03-23 08:13:56'),(1458,'Cumaná',226,'2025-03-23 08:13:56','2025-03-23 08:13:56'),(1459,'Cantaura',226,'2025-03-23 08:13:56','2025-03-23 08:13:56'),(1460,'San Fernando de Apure',227,'2025-03-23 08:13:56','2025-03-23 08:13:56'),(1461,'Acarigua',227,'2025-03-23 08:13:56','2025-03-23 08:13:56'),(1462,'Guasdualito',227,'2025-03-23 08:13:56','2025-03-23 08:13:56'),(1463,'Biruaca',227,'2025-03-23 08:13:56','2025-03-23 08:13:56'),(1464,'Elorza',227,'2025-03-23 08:13:56','2025-03-23 08:13:56'),(1465,'Maracay',228,'2025-03-23 08:13:56','2025-03-23 08:13:56'),(1466,'Turmero',228,'2025-03-23 08:13:56','2025-03-23 08:13:56'),(1467,'La Victoria',228,'2025-03-23 08:13:56','2025-03-23 08:13:56'),(1468,'Cagua',228,'2025-03-23 08:13:56','2025-03-23 08:13:56'),(1469,'Villa de Cura',228,'2025-03-23 08:13:56','2025-03-23 08:13:56'),(1470,'Tinaquillo',228,'2025-03-23 08:13:56','2025-03-23 08:13:56'),(1471,'Barinas',229,'2025-03-23 08:13:56','2025-03-23 08:13:56'),(1472,'Barinitas',229,'2025-03-23 08:13:56','2025-03-23 08:13:56'),(1473,'Sabaneta',229,'2025-03-23 08:13:56','2025-03-23 08:13:56'),(1474,'Santa Bárbara',229,'2025-03-23 08:13:56','2025-03-23 08:13:56'),(1475,'Ciudad Bolívar',229,'2025-03-23 08:13:56','2025-03-23 08:13:56'),(1476,'Ciudad Bolívar',230,'2025-03-23 08:13:56','2025-03-23 08:13:56'),(1477,'Puerto Ordaz',230,'2025-03-23 08:13:56','2025-03-23 08:13:56'),(1478,'San Félix',230,'2025-03-23 08:13:56','2025-03-23 08:13:56'),(1479,'Upata',230,'2025-03-23 08:13:56','2025-03-23 08:13:56'),(1480,'La Llovizna',230,'2025-03-23 08:13:56','2025-03-23 08:13:56'),(1481,'Valencia',231,'2025-03-23 08:13:56','2025-03-23 08:13:56'),(1482,'Puerto Cabello',231,'2025-03-23 08:13:56','2025-03-23 08:13:56'),(1483,'San Diego',231,'2025-03-23 08:13:56','2025-03-23 08:13:56'),(1484,'Naguanagua',231,'2025-03-23 08:13:56','2025-03-23 08:13:56'),(1485,'Tocuyito',231,'2025-03-23 08:13:56','2025-03-23 08:13:56'),(1486,'San Carlos',232,'2025-03-23 08:13:56','2025-03-23 08:13:56'),(1487,'Tinaquillo',232,'2025-03-23 08:13:56','2025-03-23 08:13:56'),(1488,'El Baño',232,'2025-03-23 08:13:56','2025-03-23 08:13:56'),(1489,'Sabaneta',232,'2025-03-23 08:13:56','2025-03-23 08:13:56'),(1490,'Caracas',233,'2025-03-23 08:13:56','2025-03-23 08:13:56'),(1491,'Coro',234,'2025-03-23 08:13:56','2025-03-23 08:13:56'),(1492,'Valle de La Pascua',234,'2025-03-23 08:13:56','2025-03-23 08:13:56'),(1493,'La Vela',234,'2025-03-23 08:13:56','2025-03-23 08:13:56'),(1494,'Churuguara',234,'2025-03-23 08:13:56','2025-03-23 08:13:56'),(1495,'Punto Fijo',234,'2025-03-23 08:13:56','2025-03-23 08:13:56'),(1496,'San Juan de Los Morros',235,'2025-03-23 08:13:56','2025-03-23 08:13:56'),(1497,'Valle de La Pascua',235,'2025-03-23 08:13:56','2025-03-23 08:13:56'),(1498,'El Sombrero',235,'2025-03-23 08:13:56','2025-03-23 08:13:56'),(1499,'Las Mercedes',235,'2025-03-23 08:13:56','2025-03-23 08:13:56'),(1500,'Barquisimeto',236,'2025-03-23 08:13:57','2025-03-23 08:13:57'),(1501,'Cabudare',236,'2025-03-23 08:13:57','2025-03-23 08:13:57'),(1502,'Carora',236,'2025-03-23 08:13:57','2025-03-23 08:13:57'),(1503,'Aguada Grande',236,'2025-03-23 08:13:57','2025-03-23 08:13:57'),(1504,'Quíbor',236,'2025-03-23 08:13:57','2025-03-23 08:13:57'),(1505,'Mérida',237,'2025-03-23 08:13:57','2025-03-23 08:13:57'),(1506,'El Vigía',237,'2025-03-23 08:13:57','2025-03-23 08:13:57'),(1507,'Tovar',237,'2025-03-23 08:13:57','2025-03-23 08:13:57'),(1508,'Ejido',237,'2025-03-23 08:13:57','2025-03-23 08:13:57'),(1509,'Valera',237,'2025-03-23 08:13:57','2025-03-23 08:13:57'),(1510,'Los Teques',238,'2025-03-23 08:13:57','2025-03-23 08:13:57'),(1511,'Charallave',238,'2025-03-23 08:13:57','2025-03-23 08:13:57'),(1512,'Guarenas',238,'2025-03-23 08:13:57','2025-03-23 08:13:57'),(1513,'Guatire',238,'2025-03-23 08:13:57','2025-03-23 08:13:57'),(1514,'Boleíta',238,'2025-03-23 08:13:57','2025-03-23 08:13:57'),(1515,'Maturín',239,'2025-03-23 08:13:57','2025-03-23 08:13:57'),(1516,'Caripito',239,'2025-03-23 08:13:57','2025-03-23 08:13:57'),(1517,'Punta de Mata',239,'2025-03-23 08:13:57','2025-03-23 08:13:57'),(1518,'Santa Bárbara',239,'2025-03-23 08:13:57','2025-03-23 08:13:57'),(1519,'La Asunción',240,'2025-03-23 08:13:57','2025-03-23 08:13:57'),(1520,'Porlamar',240,'2025-03-23 08:13:57','2025-03-23 08:13:57'),(1521,'Juan Griego',240,'2025-03-23 08:13:57','2025-03-23 08:13:57'),(1522,'El Valle del Espíritu Santo',240,'2025-03-23 08:13:57','2025-03-23 08:13:57'),(1523,'Guanare',241,'2025-03-23 08:13:57','2025-03-23 08:13:57'),(1524,'Acarigua',241,'2025-03-23 08:13:57','2025-03-23 08:13:57'),(1525,'Píritu',241,'2025-03-23 08:13:57','2025-03-23 08:13:57'),(1526,'Monseñor José Vicente de Unda',241,'2025-03-23 08:13:57','2025-03-23 08:13:57'),(1527,'Cumaná',242,'2025-03-23 08:13:57','2025-03-23 08:13:57'),(1528,'Carúpano',242,'2025-03-23 08:13:57','2025-03-23 08:13:57'),(1529,'Barcelona',242,'2025-03-23 08:13:57','2025-03-23 08:13:57'),(1530,'Guiria',242,'2025-03-23 08:13:57','2025-03-23 08:13:57'),(1531,'Boca de Uchire',242,'2025-03-23 08:13:57','2025-03-23 08:13:57'),(1532,'San Cristóbal',243,'2025-03-23 08:13:57','2025-03-23 08:13:57'),(1533,'Táriba',243,'2025-03-23 08:13:57','2025-03-23 08:13:57'),(1534,'La Grita',243,'2025-03-23 08:13:57','2025-03-23 08:13:57'),(1535,'Cordero',243,'2025-03-23 08:13:57','2025-03-23 08:13:57'),(1536,'Rubio',243,'2025-03-23 08:13:57','2025-03-23 08:13:57'),(1537,'Trujillo',244,'2025-03-23 08:13:57','2025-03-23 08:13:57'),(1538,'Valera',244,'2025-03-23 08:13:57','2025-03-23 08:13:57'),(1539,'La Puerta',244,'2025-03-23 08:13:57','2025-03-23 08:13:57'),(1540,'El Paradero',244,'2025-03-23 08:13:57','2025-03-23 08:13:57'),(1541,'San Felipe',245,'2025-03-23 08:13:57','2025-03-23 08:13:57'),(1542,'Chivacoa',245,'2025-03-23 08:13:57','2025-03-23 08:13:57'),(1543,'Aroa',245,'2025-03-23 08:13:57','2025-03-23 08:13:57'),(1544,'Tucacas',245,'2025-03-23 08:13:57','2025-03-23 08:13:57'),(1545,'Maracaibo',246,'2025-03-23 08:13:57','2025-03-23 08:13:57'),(1546,'San Francisco',246,'2025-03-23 08:13:57','2025-03-23 08:13:57'),(1547,'Cabimas',246,'2025-03-23 08:13:57','2025-03-23 08:13:57'),(1548,'Mara',246,'2025-03-23 08:13:57','2025-03-23 08:13:57'),(1549,'La Villa del Rosario',246,'2025-03-23 08:13:57','2025-03-23 08:13:57');
/*!40000 ALTER TABLE `cities` ENABLE KEYS */;
UNLOCK TABLES;

--
-- Table structure for table `companies`
--

DROP TABLE IF EXISTS `companies`;
/*!40101 SET @saved_cs_client     = @@character_set_client */;
/*!50503 SET character_set_client = utf8mb4 */;
CREATE TABLE `companies` (
  `id` bigint unsigned NOT NULL AUTO_INCREMENT,
  `name` varchar(255) COLLATE utf8mb4_unicode_ci NOT NULL,
  `created_at` timestamp NULL DEFAULT NULL,
  `updated_at` timestamp NULL DEFAULT NULL,
  PRIMARY KEY (`id`),
  UNIQUE KEY `companies_name_unique` (`name`)
) ENGINE=InnoDB AUTO_INCREMENT=4 DEFAULT CHARSET=utf8mb4 COLLATE=utf8mb4_unicode_ci;
/*!40101 SET character_set_client = @saved_cs_client */;

--
-- Dumping data for table `companies`
--

LOCK TABLES `companies` WRITE;
/*!40000 ALTER TABLE `companies` DISABLE KEYS */;
INSERT INTO `companies` VALUES (1,'Affinity','2025-03-23 09:36:00','2025-03-23 09:36:00'),(2,'Catalitico','2025-03-23 09:36:00','2025-03-23 09:36:00'),(3,'Reactivo','2025-03-23 09:36:01','2025-03-23 09:36:01');
/*!40000 ALTER TABLE `companies` ENABLE KEYS */;
UNLOCK TABLES;

--
-- Table structure for table `countries`
--

DROP TABLE IF EXISTS `countries`;
/*!40101 SET @saved_cs_client     = @@character_set_client */;
/*!50503 SET character_set_client = utf8mb4 */;
CREATE TABLE `countries` (
  `id` bigint unsigned NOT NULL AUTO_INCREMENT,
  `name` varchar(255) COLLATE utf8mb4_unicode_ci NOT NULL,
  `code` varchar(3) COLLATE utf8mb4_unicode_ci NOT NULL,
  `created_at` timestamp NULL DEFAULT NULL,
  `updated_at` timestamp NULL DEFAULT NULL,
  PRIMARY KEY (`id`),
  UNIQUE KEY `countries_code_unique` (`code`)
) ENGINE=InnoDB AUTO_INCREMENT=11 DEFAULT CHARSET=utf8mb4 COLLATE=utf8mb4_unicode_ci;
/*!40101 SET character_set_client = @saved_cs_client */;

--
-- Dumping data for table `countries`
--

LOCK TABLES `countries` WRITE;
/*!40000 ALTER TABLE `countries` DISABLE KEYS */;
INSERT INTO `countries` VALUES (1,'Argentina','AR','2025-03-23 08:13:36','2025-03-23 08:13:36'),(2,'Canada','CA','2025-03-23 08:13:38','2025-03-23 08:13:38'),(3,'Chile','CL','2025-03-23 08:13:39','2025-03-23 08:13:39'),(4,'Colombia','CO','2025-03-23 08:13:40','2025-03-23 08:13:40'),(5,'Ecuador','EC','2025-03-23 08:13:45','2025-03-23 08:13:45'),(6,'Mexico','MX','2025-03-23 08:13:47','2025-03-23 08:13:47'),(7,'Panamá','PA','2025-03-23 08:13:49','2025-03-23 08:13:49'),(8,'Perú','PE','2025-03-23 08:13:50','2025-03-23 08:13:50'),(9,'United States','US','2025-03-23 08:13:51','2025-03-23 08:13:51'),(10,'Venezuela','VE','2025-03-23 08:13:56','2025-03-23 08:13:56');
/*!40000 ALTER TABLE `countries` ENABLE KEYS */;
UNLOCK TABLES;

--
-- Table structure for table `failed_jobs`
--

DROP TABLE IF EXISTS `failed_jobs`;
/*!40101 SET @saved_cs_client     = @@character_set_client */;
/*!50503 SET character_set_client = utf8mb4 */;
CREATE TABLE `failed_jobs` (
  `id` bigint unsigned NOT NULL AUTO_INCREMENT,
  `uuid` varchar(255) COLLATE utf8mb4_unicode_ci NOT NULL,
  `connection` text COLLATE utf8mb4_unicode_ci NOT NULL,
  `queue` text COLLATE utf8mb4_unicode_ci NOT NULL,
  `payload` longtext COLLATE utf8mb4_unicode_ci NOT NULL,
  `exception` longtext COLLATE utf8mb4_unicode_ci NOT NULL,
  `failed_at` timestamp NOT NULL DEFAULT CURRENT_TIMESTAMP,
  PRIMARY KEY (`id`),
  UNIQUE KEY `failed_jobs_uuid_unique` (`uuid`)
) ENGINE=InnoDB DEFAULT CHARSET=utf8mb4 COLLATE=utf8mb4_unicode_ci;
/*!40101 SET character_set_client = @saved_cs_client */;

--
-- Dumping data for table `failed_jobs`
--

LOCK TABLES `failed_jobs` WRITE;
/*!40000 ALTER TABLE `failed_jobs` DISABLE KEYS */;
/*!40000 ALTER TABLE `failed_jobs` ENABLE KEYS */;
UNLOCK TABLES;

--
-- Table structure for table `job_batches`
--

DROP TABLE IF EXISTS `job_batches`;
/*!40101 SET @saved_cs_client     = @@character_set_client */;
/*!50503 SET character_set_client = utf8mb4 */;
CREATE TABLE `job_batches` (
  `id` varchar(255) COLLATE utf8mb4_unicode_ci NOT NULL,
  `name` varchar(255) COLLATE utf8mb4_unicode_ci NOT NULL,
  `total_jobs` int NOT NULL,
  `pending_jobs` int NOT NULL,
  `failed_jobs` int NOT NULL,
  `failed_job_ids` longtext COLLATE utf8mb4_unicode_ci NOT NULL,
  `options` mediumtext COLLATE utf8mb4_unicode_ci,
  `cancelled_at` int DEFAULT NULL,
  `created_at` int NOT NULL,
  `finished_at` int DEFAULT NULL,
  PRIMARY KEY (`id`)
) ENGINE=InnoDB DEFAULT CHARSET=utf8mb4 COLLATE=utf8mb4_unicode_ci;
/*!40101 SET character_set_client = @saved_cs_client */;

--
-- Dumping data for table `job_batches`
--

LOCK TABLES `job_batches` WRITE;
/*!40000 ALTER TABLE `job_batches` DISABLE KEYS */;
/*!40000 ALTER TABLE `job_batches` ENABLE KEYS */;
UNLOCK TABLES;

--
-- Table structure for table `jobs`
--

DROP TABLE IF EXISTS `jobs`;
/*!40101 SET @saved_cs_client     = @@character_set_client */;
/*!50503 SET character_set_client = utf8mb4 */;
CREATE TABLE `jobs` (
  `id` bigint unsigned NOT NULL AUTO_INCREMENT,
  `queue` varchar(255) COLLATE utf8mb4_unicode_ci NOT NULL,
  `payload` longtext COLLATE utf8mb4_unicode_ci NOT NULL,
  `attempts` tinyint unsigned NOT NULL,
  `reserved_at` int unsigned DEFAULT NULL,
  `available_at` int unsigned NOT NULL,
  `created_at` int unsigned NOT NULL,
  PRIMARY KEY (`id`),
  KEY `jobs_queue_index` (`queue`)
) ENGINE=InnoDB DEFAULT CHARSET=utf8mb4 COLLATE=utf8mb4_unicode_ci;
/*!40101 SET character_set_client = @saved_cs_client */;

--
-- Dumping data for table `jobs`
--

LOCK TABLES `jobs` WRITE;
/*!40000 ALTER TABLE `jobs` DISABLE KEYS */;
/*!40000 ALTER TABLE `jobs` ENABLE KEYS */;
UNLOCK TABLES;

--
-- Table structure for table `jobtitles`
--

DROP TABLE IF EXISTS `jobtitles`;
/*!40101 SET @saved_cs_client     = @@character_set_client */;
/*!50503 SET character_set_client = utf8mb4 */;
CREATE TABLE `jobtitles` (
  `id` bigint unsigned NOT NULL AUTO_INCREMENT,
  `name` varchar(255) COLLATE utf8mb4_unicode_ci NOT NULL,
  `process_id` bigint unsigned NOT NULL,
  `created_at` timestamp NULL DEFAULT NULL,
  `updated_at` timestamp NULL DEFAULT NULL,
  PRIMARY KEY (`id`),
  KEY `jobtitles_process_id_foreign` (`process_id`),
  CONSTRAINT `jobtitles_process_id_foreign` FOREIGN KEY (`process_id`) REFERENCES `processes` (`id`) ON DELETE CASCADE
) ENGINE=InnoDB AUTO_INCREMENT=32 DEFAULT CHARSET=utf8mb4 COLLATE=utf8mb4_unicode_ci;
/*!40101 SET character_set_client = @saved_cs_client */;

--
-- Dumping data for table `jobtitles`
--

LOCK TABLES `jobtitles` WRITE;
/*!40000 ALTER TABLE `jobtitles` DISABLE KEYS */;
INSERT INTO `jobtitles` VALUES (1,'Auxiliar de Telemercadeo',1,'2025-03-23 09:36:00','2025-03-23 09:36:00'),(2,'Supervisor Comercial',1,'2025-03-23 09:36:00','2025-03-23 09:36:00'),(3,'Coordinador Comercial',1,'2025-03-23 09:36:00','2025-03-23 09:36:00'),(4,'Auxiliar Contable',2,'2025-03-23 09:36:00','2025-03-23 09:36:00'),(5,'Coordinador Contable',2,'2025-03-23 09:36:00','2025-03-23 09:36:00'),(6,'Director Contable',2,'2025-03-23 09:36:00','2025-03-23 09:36:00'),(7,'Auxiliar RH',3,'2025-03-23 09:36:00','2025-03-23 09:36:00'),(8,'Auxiliar de Contratación',3,'2025-03-23 09:36:00','2025-03-23 09:36:00'),(9,'Abogado',3,'2025-03-23 09:36:00','2025-03-23 09:36:00'),(10,'Auxiliar Compras',3,'2025-03-23 09:36:00','2025-03-23 09:36:00'),(11,'Coordinador Recursos Humanos',3,'2025-03-23 09:36:00','2025-03-23 09:36:00'),(12,'Coordinador Administrativo',3,'2025-03-23 09:36:00','2025-03-23 09:36:00'),(13,'Auxiliar Seguridad',3,'2025-03-23 09:36:01','2025-03-23 09:36:01'),(14,'Auxiliar Servicios Generales',3,'2025-03-23 09:36:01','2025-03-23 09:36:01'),(15,'Director Gestión Humana y Desarrollo Organizacional',3,'2025-03-23 09:36:01','2025-03-23 09:36:01'),(16,'Auxiliar TI',4,'2025-03-23 09:36:01','2025-03-23 09:36:01'),(17,'Coordinador TI',4,'2025-03-23 09:36:01','2025-03-23 09:36:01'),(18,'Gerente General',5,'2025-03-23 09:36:01','2025-03-23 09:36:01'),(19,'Gerente Comercial',5,'2025-03-23 09:36:01','2025-03-23 09:36:01'),(20,'Gerente Administrativo',5,'2025-03-23 09:36:01','2025-03-23 09:36:01'),(21,'Gerente Desarrollo Organizacional y Administrativo',5,'2025-03-23 09:36:01','2025-03-23 09:36:01'),(22,'Gerente Nuevos Negocios y Mercadeo',5,'2025-03-23 09:36:01','2025-03-23 09:36:01'),(23,'Auxiliar de Diseño Grafico',5,'2025-03-23 09:36:01','2025-03-23 09:36:01'),(24,'Auxiliar de Telemercadeo',6,'2025-03-23 09:36:01','2025-03-23 09:36:01'),(25,'Supervisor Comercial',6,'2025-03-23 09:36:01','2025-03-23 09:36:01'),(26,'Coordinador Comercial',6,'2025-03-23 09:36:01','2025-03-23 09:36:01'),(27,'Data Marshall',6,'2025-03-23 09:36:01','2025-03-23 09:36:01'),(28,'Auxiliar Data Marshall',6,'2025-03-23 09:36:01','2025-03-23 09:36:01'),(29,'Coordinador Calidad',7,'2025-03-23 09:36:01','2025-03-23 09:36:01'),(30,'Auxiliar Calidad',7,'2025-03-23 09:36:01','2025-03-23 09:36:01'),(31,'Formación',7,'2025-03-23 09:36:01','2025-03-23 09:36:01');
/*!40000 ALTER TABLE `jobtitles` ENABLE KEYS */;
UNLOCK TABLES;

--
-- Table structure for table `manufacturers`
--

DROP TABLE IF EXISTS `manufacturers`;
/*!40101 SET @saved_cs_client     = @@character_set_client */;
/*!50503 SET character_set_client = utf8mb4 */;
CREATE TABLE `manufacturers` (
  `id` bigint unsigned NOT NULL AUTO_INCREMENT,
  `name` varchar(255) NOT NULL,
  `created_at` timestamp NULL DEFAULT NULL,
  `updated_at` timestamp NULL DEFAULT NULL,
  PRIMARY KEY (`id`),
  UNIQUE KEY `name` (`name`)
) ENGINE=InnoDB DEFAULT CHARSET=utf8mb4 COLLATE=utf8mb4_0900_ai_ci;
/*!40101 SET character_set_client = @saved_cs_client */;

--
-- Dumping data for table `manufacturers`
--

LOCK TABLES `manufacturers` WRITE;
/*!40000 ALTER TABLE `manufacturers` DISABLE KEYS */;
/*!40000 ALTER TABLE `manufacturers` ENABLE KEYS */;
UNLOCK TABLES;

--
-- Table structure for table `migrations`
--

DROP TABLE IF EXISTS `migrations`;
/*!40101 SET @saved_cs_client     = @@character_set_client */;
/*!50503 SET character_set_client = utf8mb4 */;
CREATE TABLE `migrations` (
  `id` int unsigned NOT NULL AUTO_INCREMENT,
  `migration` varchar(255) COLLATE utf8mb4_unicode_ci NOT NULL,
  `batch` int NOT NULL,
  PRIMARY KEY (`id`)
) ENGINE=InnoDB AUTO_INCREMENT=16 DEFAULT CHARSET=utf8mb4 COLLATE=utf8mb4_unicode_ci;
/*!40101 SET character_set_client = @saved_cs_client */;

--
-- Dumping data for table `migrations`
--

LOCK TABLES `migrations` WRITE;
/*!40000 ALTER TABLE `migrations` DISABLE KEYS */;
INSERT INTO `migrations` VALUES (1,'2025_03_22_224719_create_countries_table',1),(2,'2025_03_22_224721_create_states_table',1),(3,'2025_03_22_224722_create_cities_table',1),(4,'2025_03_22_224724_create_companies_table',1),(5,'2025_03_22_224725_create_processes_table',1),(6,'2025_03_22_224727_create_jobtitles_table',1),(7,'2025_03_22_224728_create_teams_table',1),(8,'2025_03_22_224729_create_users_table',1),(9,'2025_03_22_224730_create_tickets_table',1),(10,'2025_03_22_224731_create_assets_table',1),(11,'2025_03_23_033938_create_sessions_table',2),(12,'2025_03_24_171737_create_cache_table',3),(13,'0001_01_01_000002_create_jobs_table',4),(14,'2024_12_22_150556_add_role_to_users_table',4),(15,'2025_03_24_222632_create_personal_access_tokens_table',5);
/*!40000 ALTER TABLE `migrations` ENABLE KEYS */;
UNLOCK TABLES;

--
-- Table structure for table `personal_access_tokens`
--

DROP TABLE IF EXISTS `personal_access_tokens`;
/*!40101 SET @saved_cs_client     = @@character_set_client */;
/*!50503 SET character_set_client = utf8mb4 */;
CREATE TABLE `personal_access_tokens` (
  `id` bigint unsigned NOT NULL AUTO_INCREMENT,
  `tokenable_type` varchar(255) COLLATE utf8mb4_unicode_ci NOT NULL,
  `tokenable_id` bigint unsigned NOT NULL,
  `name` varchar(255) COLLATE utf8mb4_unicode_ci NOT NULL,
  `token` varchar(64) COLLATE utf8mb4_unicode_ci NOT NULL,
  `abilities` text COLLATE utf8mb4_unicode_ci,
  `last_used_at` timestamp NULL DEFAULT NULL,
  `expires_at` timestamp NULL DEFAULT NULL,
  `created_at` timestamp NULL DEFAULT NULL,
  `updated_at` timestamp NULL DEFAULT NULL,
  PRIMARY KEY (`id`),
  UNIQUE KEY `personal_access_tokens_token_unique` (`token`),
  KEY `personal_access_tokens_tokenable_type_tokenable_id_index` (`tokenable_type`,`tokenable_id`)
) ENGINE=InnoDB AUTO_INCREMENT=9 DEFAULT CHARSET=utf8mb4 COLLATE=utf8mb4_unicode_ci;
/*!40101 SET character_set_client = @saved_cs_client */;

--
-- Dumping data for table `personal_access_tokens`
--

LOCK TABLES `personal_access_tokens` WRITE;
/*!40000 ALTER TABLE `personal_access_tokens` DISABLE KEYS */;
INSERT INTO `personal_access_tokens` VALUES (1,'App\\Models\\User',2,'api-token','7ccedd8b625fc0febb552126c37607d10c9e6b02d7dd112709040b60857fef3f','[\"*\"]',NULL,NULL,'2025-03-25 04:04:58','2025-03-25 04:04:58'),(2,'App\\Models\\User',2,'api-token','116902a41c28891605e16334af13e537c8ccebaefcd9aa58e217713f194b560d','[\"*\"]','2025-03-25 04:21:43',NULL,'2025-03-25 04:12:39','2025-03-25 04:21:43'),(3,'App\\Models\\User',2,'api-token','a86056a50f7fb696d9cedc5de8b3306dad20c5ef56fd11fde37f7a38b13142cf','[\"*\"]','2025-03-25 04:28:05',NULL,'2025-03-25 04:26:57','2025-03-25 04:28:05'),(4,'App\\Models\\User',2,'api-token','2af0e4d2c47974e835825cf888390afb78218d20ce8d1f932328f94e15af442c','[\"*\"]','2025-03-25 06:24:42',NULL,'2025-03-25 05:35:58','2025-03-25 06:24:42'),(5,'App\\Models\\User',2,'api-token','dcf289c831a5e4305a77e195173248718735e7e0aa55be2143e8274793c25293','[\"*\"]','2025-03-25 06:16:16',NULL,'2025-03-25 06:10:59','2025-03-25 06:16:16'),(6,'App\\Models\\User',2,'api-token','15a93594e314b62c2a148f03fff4dcaffb8b2ef988f4f8c1d61937617e0970a8','[\"*\"]',NULL,NULL,'2025-03-25 06:22:46','2025-03-25 06:22:46'),(7,'App\\Models\\User',2,'api-token','7e9a697185be9478269a90e9f6ceac1bc57569369b9756ee848f8b09f984dbec','[\"*\"]','2025-03-25 09:59:38',NULL,'2025-03-25 06:24:15','2025-03-25 09:59:38'),(8,'App\\Models\\User',2,'api-token','b3c64d53a84cf6f97c25e13f2bdb6080bf9b600e330e9ea761ab542fc1d08700','[\"*\"]','2025-03-25 07:43:46',NULL,'2025-03-25 07:37:01','2025-03-25 07:43:46');
/*!40000 ALTER TABLE `personal_access_tokens` ENABLE KEYS */;
UNLOCK TABLES;

--
-- Table structure for table `processes`
--

DROP TABLE IF EXISTS `processes`;
/*!40101 SET @saved_cs_client     = @@character_set_client */;
/*!50503 SET character_set_client = utf8mb4 */;
CREATE TABLE `processes` (
  `id` bigint unsigned NOT NULL AUTO_INCREMENT,
  `name` varchar(255) COLLATE utf8mb4_unicode_ci NOT NULL,
  `company_id` bigint unsigned NOT NULL,
  `created_at` timestamp NULL DEFAULT NULL,
  `updated_at` timestamp NULL DEFAULT NULL,
  PRIMARY KEY (`id`),
  KEY `processes_company_id_foreign` (`company_id`),
  CONSTRAINT `processes_company_id_foreign` FOREIGN KEY (`company_id`) REFERENCES `companies` (`id`) ON DELETE CASCADE
) ENGINE=InnoDB AUTO_INCREMENT=8 DEFAULT CHARSET=utf8mb4 COLLATE=utf8mb4_unicode_ci;
/*!40101 SET character_set_client = @saved_cs_client */;

--
-- Dumping data for table `processes`
--

LOCK TABLES `processes` WRITE;
/*!40000 ALTER TABLE `processes` DISABLE KEYS */;
INSERT INTO `processes` VALUES (1,'Gestión Comercial',1,'2025-03-23 09:36:00','2025-03-23 09:36:00'),(2,'Gestión Financiera',2,'2025-03-23 09:36:00','2025-03-23 09:36:00'),(3,'Gestión Desarrollo Organizacional',2,'2025-03-23 09:36:00','2025-03-23 09:36:00'),(4,'Gestión de las Tecnologías de la Información',2,'2025-03-23 09:36:01','2025-03-23 09:36:01'),(5,'Gestión Estratégica',2,'2025-03-23 09:36:01','2025-03-23 09:36:01'),(6,'Gestión Comercial',3,'2025-03-23 09:36:01','2025-03-23 09:36:01'),(7,'Gestión Operacional',3,'2025-03-23 09:36:01','2025-03-23 09:36:01');
/*!40000 ALTER TABLE `processes` ENABLE KEYS */;
UNLOCK TABLES;

--
-- Table structure for table `sessions`
--

DROP TABLE IF EXISTS `sessions`;
/*!40101 SET @saved_cs_client     = @@character_set_client */;
/*!50503 SET character_set_client = utf8mb4 */;
CREATE TABLE `sessions` (
  `id` varchar(255) COLLATE utf8mb4_unicode_ci NOT NULL,
  `user_id` bigint unsigned DEFAULT NULL,
  `ip_address` varchar(45) COLLATE utf8mb4_unicode_ci DEFAULT NULL,
  `user_agent` text COLLATE utf8mb4_unicode_ci,
  `payload` longtext COLLATE utf8mb4_unicode_ci NOT NULL,
  `last_activity` int NOT NULL,
  PRIMARY KEY (`id`),
  KEY `sessions_user_id_index` (`user_id`),
  KEY `sessions_last_activity_index` (`last_activity`)
) ENGINE=InnoDB DEFAULT CHARSET=utf8mb4 COLLATE=utf8mb4_unicode_ci;
/*!40101 SET character_set_client = @saved_cs_client */;

--
-- Dumping data for table `sessions`
--

LOCK TABLES `sessions` WRITE;
/*!40000 ALTER TABLE `sessions` DISABLE KEYS */;
INSERT INTO `sessions` VALUES ('6yuEfLLDcx8v0rv1rZrGefKKJWNDJ5QI9Xm9otze',NULL,'127.0.0.1','Mozilla/5.0 (Windows NT 10.0; Win64; x64) AppleWebKit/537.36 (KHTML, like Gecko) Chrome/132.0.0.0 Safari/537.36 OPR/117.0.0.0','YTozOntzOjY6Il90b2tlbiI7czo0MDoieW1PRE9SWlhrNW1sWHFhNDJWbUMzeFdpakNEUG9EODhreDl1UzJZZSI7czo2OiJfZmxhc2giO2E6Mjp7czozOiJvbGQiO2E6MDp7fXM6MzoibmV3IjthOjA6e319czo5OiJfcHJldmlvdXMiO2E6MTp7czozOiJ1cmwiO3M6MjE6Imh0dHA6Ly8xMjcuMC4wLjE6ODAwMCI7fX0=',1742869669),('ls24MoR8sstJB2R4YhemWekefN5TPgKFdNZvmRsB',2,'127.0.0.1','Mozilla/5.0 (Windows NT 10.0; Win64; x64) AppleWebKit/537.36 (KHTML, like Gecko) Chrome/134.0.0.0 Safari/537.36 Edg/134.0.0.0','YTo1OntzOjY6Il90b2tlbiI7czo0MDoiS0FNUUZKQjlVUU9BSjVNa25PaW5zNXdqMDlzQUk4cFBFRmtlNnFXSiI7czozOiJ1cmwiO2E6MDp7fXM6OToiX3ByZXZpb3VzIjthOjE6e3M6MzoidXJsIjtzOjQwOiJodHRwOi8vMTI3LjAuMC4xOjgwMDAvYXNzZXQtdHlwZXMvY3JlYXRlIjt9czo2OiJfZmxhc2giO2E6Mjp7czozOiJvbGQiO2E6MDp7fXM6MzoibmV3IjthOjA6e319czo1MDoibG9naW5fd2ViXzU5YmEzNmFkZGMyYjJmOTQwMTU4MGYwMTRjN2Y1OGVhNGUzMDk4OWQiO2k6Mjt9',1742884903),('YtSdV1r4WXhO9u2vZu71VQ62x6YC66M7pY8jLgGZ',2,'127.0.0.1','Mozilla/5.0 (Windows NT 10.0; Win64; x64) AppleWebKit/537.36 (KHTML, like Gecko) Chrome/134.0.0.0 Safari/537.36 Edg/134.0.0.0','YTo0OntzOjY6Il90b2tlbiI7czo0MDoiNmJsT0dXajR3S1VoYlpRbzY3b2Q1b2JqNzl1T1NHQkJQN1ltcFZ5ViI7czo2OiJfZmxhc2giO2E6Mjp7czozOiJvbGQiO2E6MDp7fXM6MzoibmV3IjthOjA6e319czo5OiJfcHJldmlvdXMiO2E6MTp7czozOiJ1cmwiO3M6MzI6Imh0dHA6Ly8xMjcuMC4wLjE6ODAwMC90aWNrZXRzLzE2Ijt9czo1MDoibG9naW5fd2ViXzU5YmEzNmFkZGMyYjJmOTQwMTU4MGYwMTRjN2Y1OGVhNGUzMDk4OWQiO2k6Mjt9',1742870641);
/*!40000 ALTER TABLE `sessions` ENABLE KEYS */;
UNLOCK TABLES;

--
-- Table structure for table `states`
--

DROP TABLE IF EXISTS `states`;
/*!40101 SET @saved_cs_client     = @@character_set_client */;
/*!50503 SET character_set_client = utf8mb4 */;
CREATE TABLE `states` (
  `id` bigint unsigned NOT NULL AUTO_INCREMENT,
  `name` varchar(255) COLLATE utf8mb4_unicode_ci NOT NULL,
  `country_id` bigint unsigned NOT NULL,
  `created_at` timestamp NULL DEFAULT NULL,
  `updated_at` timestamp NULL DEFAULT NULL,
  PRIMARY KEY (`id`),
  KEY `states_country_id_foreign` (`country_id`),
  CONSTRAINT `states_country_id_foreign` FOREIGN KEY (`country_id`) REFERENCES `countries` (`id`) ON DELETE CASCADE
) ENGINE=InnoDB AUTO_INCREMENT=247 DEFAULT CHARSET=utf8mb4 COLLATE=utf8mb4_unicode_ci;
/*!40101 SET character_set_client = @saved_cs_client */;

--
-- Dumping data for table `states`
--

LOCK TABLES `states` WRITE;
/*!40000 ALTER TABLE `states` DISABLE KEYS */;
INSERT INTO `states` VALUES (1,'Buenos Aires',1,'2025-03-23 08:13:36','2025-03-23 08:13:36'),(2,'Ciudad Autónoma de Buenos Aires',1,'2025-03-23 08:13:36','2025-03-23 08:13:36'),(3,'Catamarca',1,'2025-03-23 08:13:36','2025-03-23 08:13:36'),(4,'Chaco',1,'2025-03-23 08:13:37','2025-03-23 08:13:37'),(5,'Chubut',1,'2025-03-23 08:13:37','2025-03-23 08:13:37'),(6,'Córdoba',1,'2025-03-23 08:13:37','2025-03-23 08:13:37'),(7,'Corrientes',1,'2025-03-23 08:13:37','2025-03-23 08:13:37'),(8,'Entre Ríos',1,'2025-03-23 08:13:37','2025-03-23 08:13:37'),(9,'Formosa',1,'2025-03-23 08:13:37','2025-03-23 08:13:37'),(10,'Jujuy',1,'2025-03-23 08:13:37','2025-03-23 08:13:37'),(11,'La Pampa',1,'2025-03-23 08:13:37','2025-03-23 08:13:37'),(12,'La Rioja',1,'2025-03-23 08:13:37','2025-03-23 08:13:37'),(13,'Mendoza',1,'2025-03-23 08:13:37','2025-03-23 08:13:37'),(14,'Misiones',1,'2025-03-23 08:13:37','2025-03-23 08:13:37'),(15,'Neuquén',1,'2025-03-23 08:13:37','2025-03-23 08:13:37'),(16,'Río Negro',1,'2025-03-23 08:13:37','2025-03-23 08:13:37'),(17,'Salta',1,'2025-03-23 08:13:37','2025-03-23 08:13:37'),(18,'San Juan',1,'2025-03-23 08:13:38','2025-03-23 08:13:38'),(19,'San Luis',1,'2025-03-23 08:13:38','2025-03-23 08:13:38'),(20,'Santa Cruz',1,'2025-03-23 08:13:38','2025-03-23 08:13:38'),(21,'Santa Fe',1,'2025-03-23 08:13:38','2025-03-23 08:13:38'),(22,'Santiago del Estero',1,'2025-03-23 08:13:38','2025-03-23 08:13:38'),(23,'Tierra del Fuego',1,'2025-03-23 08:13:38','2025-03-23 08:13:38'),(24,'Tucumán',1,'2025-03-23 08:13:38','2025-03-23 08:13:38'),(25,'Alberta',2,'2025-03-23 08:13:38','2025-03-23 08:13:38'),(26,'British Columbia',2,'2025-03-23 08:13:38','2025-03-23 08:13:38'),(27,'Manitoba',2,'2025-03-23 08:13:38','2025-03-23 08:13:38'),(28,'New Brunswick',2,'2025-03-23 08:13:38','2025-03-23 08:13:38'),(29,'Newfoundland and Labrador',2,'2025-03-23 08:13:38','2025-03-23 08:13:38'),(30,'Nova Scotia',2,'2025-03-23 08:13:38','2025-03-23 08:13:38'),(31,'Ontario',2,'2025-03-23 08:13:38','2025-03-23 08:13:38'),(32,'Prince Edward Island',2,'2025-03-23 08:13:39','2025-03-23 08:13:39'),(33,'Quebec',2,'2025-03-23 08:13:39','2025-03-23 08:13:39'),(34,'Saskatchewan',2,'2025-03-23 08:13:39','2025-03-23 08:13:39'),(35,'Northwest Territories',2,'2025-03-23 08:13:39','2025-03-23 08:13:39'),(36,'Nunavut',2,'2025-03-23 08:13:39','2025-03-23 08:13:39'),(37,'Yukon',2,'2025-03-23 08:13:39','2025-03-23 08:13:39'),(38,'Arica y Parinacota',3,'2025-03-23 08:13:39','2025-03-23 08:13:39'),(39,'Tarapacá',3,'2025-03-23 08:13:39','2025-03-23 08:13:39'),(40,'Antofagasta',3,'2025-03-23 08:13:39','2025-03-23 08:13:39'),(41,'Atacama',3,'2025-03-23 08:13:39','2025-03-23 08:13:39'),(42,'Coquimbo',3,'2025-03-23 08:13:39','2025-03-23 08:13:39'),(43,'Valparaíso',3,'2025-03-23 08:13:39','2025-03-23 08:13:39'),(44,'O\'Higgins',3,'2025-03-23 08:13:39','2025-03-23 08:13:39'),(45,'Maule',3,'2025-03-23 08:13:39','2025-03-23 08:13:39'),(46,'Ñuble',3,'2025-03-23 08:13:39','2025-03-23 08:13:39'),(47,'Biobío',3,'2025-03-23 08:13:39','2025-03-23 08:13:39'),(48,'La Araucanía',3,'2025-03-23 08:13:40','2025-03-23 08:13:40'),(49,'Los Ríos',3,'2025-03-23 08:13:40','2025-03-23 08:13:40'),(50,'Los Lagos',3,'2025-03-23 08:13:40','2025-03-23 08:13:40'),(51,'Aysén del General Carlos Ibáñez del Campo',3,'2025-03-23 08:13:40','2025-03-23 08:13:40'),(52,'Magallanes y de la Antártica Chilena',3,'2025-03-23 08:13:40','2025-03-23 08:13:40'),(53,'Amazonas',4,'2025-03-23 08:13:40','2025-03-23 08:13:40'),(54,'Antioquia',4,'2025-03-23 08:13:40','2025-03-23 08:13:40'),(55,'Arauca',4,'2025-03-23 08:13:41','2025-03-23 08:13:41'),(56,'Atlántico',4,'2025-03-23 08:13:41','2025-03-23 08:13:41'),(57,'Bolívar',4,'2025-03-23 08:13:42','2025-03-23 08:13:42'),(58,'Boyacá',4,'2025-03-23 08:13:42','2025-03-23 08:13:42'),(59,'Caldas',4,'2025-03-23 08:13:43','2025-03-23 08:13:43'),(60,'Caquetá',4,'2025-03-23 08:13:44','2025-03-23 08:13:44'),(61,'Casanare',4,'2025-03-23 08:13:44','2025-03-23 08:13:44'),(62,'Cauca',4,'2025-03-23 08:13:44','2025-03-23 08:13:44'),(63,'Cesar',4,'2025-03-23 08:13:44','2025-03-23 08:13:44'),(64,'Chocó',4,'2025-03-23 08:13:44','2025-03-23 08:13:44'),(65,'Córdoba',4,'2025-03-23 08:13:44','2025-03-23 08:13:44'),(66,'Cundinamarca',4,'2025-03-23 08:13:44','2025-03-23 08:13:44'),(67,'Guainía',4,'2025-03-23 08:13:44','2025-03-23 08:13:44'),(68,'Guaviare',4,'2025-03-23 08:13:44','2025-03-23 08:13:44'),(69,'Huila',4,'2025-03-23 08:13:44','2025-03-23 08:13:44'),(70,'La Guajira',4,'2025-03-23 08:13:45','2025-03-23 08:13:45'),(71,'Magdalena',4,'2025-03-23 08:13:45','2025-03-23 08:13:45'),(72,'Meta',4,'2025-03-23 08:13:45','2025-03-23 08:13:45'),(73,'Nariño',4,'2025-03-23 08:13:45','2025-03-23 08:13:45'),(74,'Norte de Santander',4,'2025-03-23 08:13:45','2025-03-23 08:13:45'),(75,'Putumayo',4,'2025-03-23 08:13:45','2025-03-23 08:13:45'),(76,'Quindío',4,'2025-03-23 08:13:45','2025-03-23 08:13:45'),(77,'Risaralda',4,'2025-03-23 08:13:45','2025-03-23 08:13:45'),(78,'San Andrés y Providencia',4,'2025-03-23 08:13:45','2025-03-23 08:13:45'),(79,'Santander',4,'2025-03-23 08:13:45','2025-03-23 08:13:45'),(80,'Sucre',4,'2025-03-23 08:13:45','2025-03-23 08:13:45'),(81,'Tolima',4,'2025-03-23 08:13:45','2025-03-23 08:13:45'),(82,'Valle del Cauca',4,'2025-03-23 08:13:45','2025-03-23 08:13:45'),(83,'Vaupés',4,'2025-03-23 08:13:45','2025-03-23 08:13:45'),(84,'Vichada',4,'2025-03-23 08:13:45','2025-03-23 08:13:45'),(85,'Azuay',5,'2025-03-23 08:13:45','2025-03-23 08:13:45'),(86,'Beni',5,'2025-03-23 08:13:45','2025-03-23 08:13:45'),(87,'Cañar',5,'2025-03-23 08:13:46','2025-03-23 08:13:46'),(88,'Carchi',5,'2025-03-23 08:13:46','2025-03-23 08:13:46'),(89,'Chimborazo',5,'2025-03-23 08:13:46','2025-03-23 08:13:46'),(90,'Cotopaxi',5,'2025-03-23 08:13:46','2025-03-23 08:13:46'),(91,'El Oro',5,'2025-03-23 08:13:46','2025-03-23 08:13:46'),(92,'Esmeraldas',5,'2025-03-23 08:13:46','2025-03-23 08:13:46'),(93,'Guayas',5,'2025-03-23 08:13:46','2025-03-23 08:13:46'),(94,'Imbabura',5,'2025-03-23 08:13:46','2025-03-23 08:13:46'),(95,'Loja',5,'2025-03-23 08:13:46','2025-03-23 08:13:46'),(96,'Los Ríos',5,'2025-03-23 08:13:46','2025-03-23 08:13:46'),(97,'Manabí',5,'2025-03-23 08:13:46','2025-03-23 08:13:46'),(98,'Morona Santiago',5,'2025-03-23 08:13:46','2025-03-23 08:13:46'),(99,'Napo',5,'2025-03-23 08:13:46','2025-03-23 08:13:46'),(100,'Orellana',5,'2025-03-23 08:13:46','2025-03-23 08:13:46'),(101,'Pichincha',5,'2025-03-23 08:13:47','2025-03-23 08:13:47'),(102,'Tungurahua',5,'2025-03-23 08:13:47','2025-03-23 08:13:47'),(103,'Zamora-Chinchipe',5,'2025-03-23 08:13:47','2025-03-23 08:13:47'),(104,'Galápagos',5,'2025-03-23 08:13:47','2025-03-23 08:13:47'),(105,'Aguascalientes',6,'2025-03-23 08:13:47','2025-03-23 08:13:47'),(106,'Baja California',6,'2025-03-23 08:13:47','2025-03-23 08:13:47'),(107,'Baja California Sur',6,'2025-03-23 08:13:47','2025-03-23 08:13:47'),(108,'Campeche',6,'2025-03-23 08:13:47','2025-03-23 08:13:47'),(109,'Chiapas',6,'2025-03-23 08:13:47','2025-03-23 08:13:47'),(110,'Chihuahua',6,'2025-03-23 08:13:47','2025-03-23 08:13:47'),(111,'Coahuila',6,'2025-03-23 08:13:47','2025-03-23 08:13:47'),(112,'Colima',6,'2025-03-23 08:13:47','2025-03-23 08:13:47'),(113,'Durango',6,'2025-03-23 08:13:47','2025-03-23 08:13:47'),(114,'Guanajuato',6,'2025-03-23 08:13:47','2025-03-23 08:13:47'),(115,'Guerrero',6,'2025-03-23 08:13:47','2025-03-23 08:13:47'),(116,'Hidalgo',6,'2025-03-23 08:13:48','2025-03-23 08:13:48'),(117,'Jalisco',6,'2025-03-23 08:13:48','2025-03-23 08:13:48'),(118,'Mexico City',6,'2025-03-23 08:13:48','2025-03-23 08:13:48'),(119,'Mexico State (Estado de México)',6,'2025-03-23 08:13:48','2025-03-23 08:13:48'),(120,'Michoacán',6,'2025-03-23 08:13:48','2025-03-23 08:13:48'),(121,'Morelos',6,'2025-03-23 08:13:48','2025-03-23 08:13:48'),(122,'Nayarit',6,'2025-03-23 08:13:48','2025-03-23 08:13:48'),(123,'Nuevo León',6,'2025-03-23 08:13:48','2025-03-23 08:13:48'),(124,'Oaxaca',6,'2025-03-23 08:13:48','2025-03-23 08:13:48'),(125,'Puebla',6,'2025-03-23 08:13:48','2025-03-23 08:13:48'),(126,'Querétaro',6,'2025-03-23 08:13:48','2025-03-23 08:13:48'),(127,'Quintana Roo',6,'2025-03-23 08:13:48','2025-03-23 08:13:48'),(128,'San Luis Potosí',6,'2025-03-23 08:13:48','2025-03-23 08:13:48'),(129,'Sinaloa',6,'2025-03-23 08:13:48','2025-03-23 08:13:48'),(130,'Sonora',6,'2025-03-23 08:13:48','2025-03-23 08:13:48'),(131,'Tabasco',6,'2025-03-23 08:13:49','2025-03-23 08:13:49'),(132,'Tamaulipas',6,'2025-03-23 08:13:49','2025-03-23 08:13:49'),(133,'Tlaxcala',6,'2025-03-23 08:13:49','2025-03-23 08:13:49'),(134,'Veracruz',6,'2025-03-23 08:13:49','2025-03-23 08:13:49'),(135,'Yucatán',6,'2025-03-23 08:13:49','2025-03-23 08:13:49'),(136,'Zacatecas',6,'2025-03-23 08:13:49','2025-03-23 08:13:49'),(137,'Bocas del Toro',7,'2025-03-23 08:13:49','2025-03-23 08:13:49'),(138,'Coclé',7,'2025-03-23 08:13:49','2025-03-23 08:13:49'),(139,'Colón',7,'2025-03-23 08:13:49','2025-03-23 08:13:49'),(140,'Chiriquí',7,'2025-03-23 08:13:49','2025-03-23 08:13:49'),(141,'Herrera',7,'2025-03-23 08:13:49','2025-03-23 08:13:49'),(142,'Los Santos',7,'2025-03-23 08:13:49','2025-03-23 08:13:49'),(143,'Panamá',7,'2025-03-23 08:13:49','2025-03-23 08:13:49'),(144,'Panamá Oeste',7,'2025-03-23 08:13:49','2025-03-23 08:13:49'),(145,'Veraguas',7,'2025-03-23 08:13:50','2025-03-23 08:13:50'),(146,'Darién',7,'2025-03-23 08:13:50','2025-03-23 08:13:50'),(147,'Guna Yala',7,'2025-03-23 08:13:50','2025-03-23 08:13:50'),(148,'Emberá',7,'2025-03-23 08:13:50','2025-03-23 08:13:50'),(149,'Ngäbe-Buglé',7,'2025-03-23 08:13:50','2025-03-23 08:13:50'),(150,'Amazonas',8,'2025-03-23 08:13:50','2025-03-23 08:13:50'),(151,'Áncash',8,'2025-03-23 08:13:50','2025-03-23 08:13:50'),(152,'Apurímac',8,'2025-03-23 08:13:50','2025-03-23 08:13:50'),(153,'Arequipa',8,'2025-03-23 08:13:50','2025-03-23 08:13:50'),(154,'Ayacucho',8,'2025-03-23 08:13:50','2025-03-23 08:13:50'),(155,'Cajamarca',8,'2025-03-23 08:13:50','2025-03-23 08:13:50'),(156,'Callao',8,'2025-03-23 08:13:50','2025-03-23 08:13:50'),(157,'Cusco',8,'2025-03-23 08:13:50','2025-03-23 08:13:50'),(158,'Huancavelica',8,'2025-03-23 08:13:50','2025-03-23 08:13:50'),(159,'Huánuco',8,'2025-03-23 08:13:50','2025-03-23 08:13:50'),(160,'Ica',8,'2025-03-23 08:13:50','2025-03-23 08:13:50'),(161,'Junín',8,'2025-03-23 08:13:50','2025-03-23 08:13:50'),(162,'La Libertad',8,'2025-03-23 08:13:51','2025-03-23 08:13:51'),(163,'Lambayeque',8,'2025-03-23 08:13:51','2025-03-23 08:13:51'),(164,'Lima',8,'2025-03-23 08:13:51','2025-03-23 08:13:51'),(165,'Loreto',8,'2025-03-23 08:13:51','2025-03-23 08:13:51'),(166,'Madre de Dios',8,'2025-03-23 08:13:51','2025-03-23 08:13:51'),(167,'Moquegua',8,'2025-03-23 08:13:51','2025-03-23 08:13:51'),(168,'Pasco',8,'2025-03-23 08:13:51','2025-03-23 08:13:51'),(169,'Piura',8,'2025-03-23 08:13:51','2025-03-23 08:13:51'),(170,'Puno',8,'2025-03-23 08:13:51','2025-03-23 08:13:51'),(171,'San Martín',8,'2025-03-23 08:13:51','2025-03-23 08:13:51'),(172,'Tacna',8,'2025-03-23 08:13:51','2025-03-23 08:13:51'),(173,'Tumbes',8,'2025-03-23 08:13:51','2025-03-23 08:13:51'),(174,'Ucayali',8,'2025-03-23 08:13:51','2025-03-23 08:13:51'),(175,'Alabama',9,'2025-03-23 08:13:51','2025-03-23 08:13:51'),(176,'Alaska',9,'2025-03-23 08:13:52','2025-03-23 08:13:52'),(177,'Arizona',9,'2025-03-23 08:13:52','2025-03-23 08:13:52'),(178,'Arkansas',9,'2025-03-23 08:13:52','2025-03-23 08:13:52'),(179,'California',9,'2025-03-23 08:13:52','2025-03-23 08:13:52'),(180,'Colorado',9,'2025-03-23 08:13:52','2025-03-23 08:13:52'),(181,'Connecticut',9,'2025-03-23 08:13:52','2025-03-23 08:13:52'),(182,'Delaware',9,'2025-03-23 08:13:52','2025-03-23 08:13:52'),(183,'Florida',9,'2025-03-23 08:13:52','2025-03-23 08:13:52'),(184,'Georgia',9,'2025-03-23 08:13:52','2025-03-23 08:13:52'),(185,'Hawaii',9,'2025-03-23 08:13:52','2025-03-23 08:13:52'),(186,'Idaho',9,'2025-03-23 08:13:52','2025-03-23 08:13:52'),(187,'Illinois',9,'2025-03-23 08:13:53','2025-03-23 08:13:53'),(188,'Indiana',9,'2025-03-23 08:13:53','2025-03-23 08:13:53'),(189,'Iowa',9,'2025-03-23 08:13:53','2025-03-23 08:13:53'),(190,'Kansas',9,'2025-03-23 08:13:53','2025-03-23 08:13:53'),(191,'Kentucky',9,'2025-03-23 08:13:53','2025-03-23 08:13:53'),(192,'Louisiana',9,'2025-03-23 08:13:53','2025-03-23 08:13:53'),(193,'Maine',9,'2025-03-23 08:13:53','2025-03-23 08:13:53'),(194,'Maryland',9,'2025-03-23 08:13:53','2025-03-23 08:13:53'),(195,'Massachusetts',9,'2025-03-23 08:13:53','2025-03-23 08:13:53'),(196,'Michigan',9,'2025-03-23 08:13:53','2025-03-23 08:13:53'),(197,'Minnesota',9,'2025-03-23 08:13:53','2025-03-23 08:13:53'),(198,'Mississippi',9,'2025-03-23 08:13:54','2025-03-23 08:13:54'),(199,'Missouri',9,'2025-03-23 08:13:54','2025-03-23 08:13:54'),(200,'Montana',9,'2025-03-23 08:13:54','2025-03-23 08:13:54'),(201,'Nebraska',9,'2025-03-23 08:13:54','2025-03-23 08:13:54'),(202,'Nevada',9,'2025-03-23 08:13:54','2025-03-23 08:13:54'),(203,'New Hampshire',9,'2025-03-23 08:13:54','2025-03-23 08:13:54'),(204,'New Jersey',9,'2025-03-23 08:13:54','2025-03-23 08:13:54'),(205,'New Mexico',9,'2025-03-23 08:13:54','2025-03-23 08:13:54'),(206,'New York',9,'2025-03-23 08:13:54','2025-03-23 08:13:54'),(207,'North Carolina',9,'2025-03-23 08:13:54','2025-03-23 08:13:54'),(208,'North Dakota',9,'2025-03-23 08:13:54','2025-03-23 08:13:54'),(209,'Ohio',9,'2025-03-23 08:13:54','2025-03-23 08:13:54'),(210,'Oklahoma',9,'2025-03-23 08:13:55','2025-03-23 08:13:55'),(211,'Oregon',9,'2025-03-23 08:13:55','2025-03-23 08:13:55'),(212,'Pennsylvania',9,'2025-03-23 08:13:55','2025-03-23 08:13:55'),(213,'Rhode Island',9,'2025-03-23 08:13:55','2025-03-23 08:13:55'),(214,'South Carolina',9,'2025-03-23 08:13:55','2025-03-23 08:13:55'),(215,'South Dakota',9,'2025-03-23 08:13:55','2025-03-23 08:13:55'),(216,'Tennessee',9,'2025-03-23 08:13:55','2025-03-23 08:13:55'),(217,'Texas',9,'2025-03-23 08:13:55','2025-03-23 08:13:55'),(218,'Utah',9,'2025-03-23 08:13:55','2025-03-23 08:13:55'),(219,'Vermont',9,'2025-03-23 08:13:55','2025-03-23 08:13:55'),(220,'Virginia',9,'2025-03-23 08:13:55','2025-03-23 08:13:55'),(221,'Washington',9,'2025-03-23 08:13:55','2025-03-23 08:13:55'),(222,'West Virginia',9,'2025-03-23 08:13:56','2025-03-23 08:13:56'),(223,'Wisconsin',9,'2025-03-23 08:13:56','2025-03-23 08:13:56'),(224,'Wyoming',9,'2025-03-23 08:13:56','2025-03-23 08:13:56'),(225,'Amazonas',10,'2025-03-23 08:13:56','2025-03-23 08:13:56'),(226,'Anzoátegui',10,'2025-03-23 08:13:56','2025-03-23 08:13:56'),(227,'Apure',10,'2025-03-23 08:13:56','2025-03-23 08:13:56'),(228,'Aragua',10,'2025-03-23 08:13:56','2025-03-23 08:13:56'),(229,'Barinas',10,'2025-03-23 08:13:56','2025-03-23 08:13:56'),(230,'Bolívar',10,'2025-03-23 08:13:56','2025-03-23 08:13:56'),(231,'Carabobo',10,'2025-03-23 08:13:56','2025-03-23 08:13:56'),(232,'Cojedes',10,'2025-03-23 08:13:56','2025-03-23 08:13:56'),(233,'Distrito Capital',10,'2025-03-23 08:13:56','2025-03-23 08:13:56'),(234,'Falcón',10,'2025-03-23 08:13:56','2025-03-23 08:13:56'),(235,'Guárico',10,'2025-03-23 08:13:56','2025-03-23 08:13:56'),(236,'Lara',10,'2025-03-23 08:13:57','2025-03-23 08:13:57'),(237,'Mérida',10,'2025-03-23 08:13:57','2025-03-23 08:13:57'),(238,'Miranda',10,'2025-03-23 08:13:57','2025-03-23 08:13:57'),(239,'Monagas',10,'2025-03-23 08:13:57','2025-03-23 08:13:57'),(240,'Nueva Esparta',10,'2025-03-23 08:13:57','2025-03-23 08:13:57'),(241,'Portuguesa',10,'2025-03-23 08:13:57','2025-03-23 08:13:57'),(242,'Sucre',10,'2025-03-23 08:13:57','2025-03-23 08:13:57'),(243,'Táchira',10,'2025-03-23 08:13:57','2025-03-23 08:13:57'),(244,'Trujillo',10,'2025-03-23 08:13:57','2025-03-23 08:13:57'),(245,'Yaracuy',10,'2025-03-23 08:13:57','2025-03-23 08:13:57'),(246,'Zulia',10,'2025-03-23 08:13:57','2025-03-23 08:13:57');
/*!40000 ALTER TABLE `states` ENABLE KEYS */;
UNLOCK TABLES;

--
-- Table structure for table `teams`
--

DROP TABLE IF EXISTS `teams`;
/*!40101 SET @saved_cs_client     = @@character_set_client */;
/*!50503 SET character_set_client = utf8mb4 */;
CREATE TABLE `teams` (
  `id` bigint unsigned NOT NULL AUTO_INCREMENT,
  `name` varchar(255) COLLATE utf8mb4_unicode_ci NOT NULL,
  `created_at` timestamp NULL DEFAULT NULL,
  `updated_at` timestamp NULL DEFAULT NULL,
  PRIMARY KEY (`id`),
  UNIQUE KEY `teams_name_unique` (`name`)
) ENGINE=InnoDB DEFAULT CHARSET=utf8mb4 COLLATE=utf8mb4_unicode_ci;
/*!40101 SET character_set_client = @saved_cs_client */;

--
-- Dumping data for table `teams`
--

LOCK TABLES `teams` WRITE;
/*!40000 ALTER TABLE `teams` DISABLE KEYS */;
/*!40000 ALTER TABLE `teams` ENABLE KEYS */;
UNLOCK TABLES;

--
-- Table structure for table `tickets`
--

DROP TABLE IF EXISTS `tickets`;
/*!40101 SET @saved_cs_client     = @@character_set_client */;
/*!50503 SET character_set_client = utf8mb4 */;
CREATE TABLE `tickets` (
  `id` bigint unsigned NOT NULL AUTO_INCREMENT,
  `title` varchar(255) COLLATE utf8mb4_unicode_ci NOT NULL,
  `description` text COLLATE utf8mb4_unicode_ci NOT NULL,
  `requester_name` varchar(255) COLLATE utf8mb4_unicode_ci NOT NULL,
  `requester_email` varchar(255) COLLATE utf8mb4_unicode_ci NOT NULL,
  `priority` enum('low','medium','high') COLLATE utf8mb4_unicode_ci NOT NULL DEFAULT 'medium',
  `status` enum('open','in_progress','closed') COLLATE utf8mb4_unicode_ci NOT NULL DEFAULT 'open',
  `user_id` bigint unsigned NOT NULL,
  `team_id` bigint unsigned DEFAULT NULL,
  `agent_id` bigint unsigned DEFAULT NULL,
  `created_at` timestamp NULL DEFAULT NULL,
  `updated_at` timestamp NULL DEFAULT NULL,
  PRIMARY KEY (`id`),
  KEY `tickets_user_id_foreign` (`user_id`),
  KEY `tickets_team_id_foreign` (`team_id`),
  KEY `tickets_agent_id_foreign` (`agent_id`),
  CONSTRAINT `tickets_agent_id_foreign` FOREIGN KEY (`agent_id`) REFERENCES `users` (`id`) ON DELETE SET NULL,
  CONSTRAINT `tickets_team_id_foreign` FOREIGN KEY (`team_id`) REFERENCES `teams` (`id`) ON DELETE SET NULL,
  CONSTRAINT `tickets_user_id_foreign` FOREIGN KEY (`user_id`) REFERENCES `users` (`id`) ON DELETE CASCADE
) ENGINE=InnoDB AUTO_INCREMENT=17 DEFAULT CHARSET=utf8mb4 COLLATE=utf8mb4_unicode_ci;
/*!40101 SET character_set_client = @saved_cs_client */;

--
-- Dumping data for table `tickets`
--

LOCK TABLES `tickets` WRITE;
/*!40000 ALTER TABLE `tickets` DISABLE KEYS */;
INSERT INTO `tickets` VALUES (1,'Prueba Tickets 0001','Prueba Tickets 0001','Iltonys Verbel R','iltonysverbel@gmail.com','high','open',2,NULL,NULL,'2025-03-23 09:37:52','2025-03-23 09:37:52'),(2,'Prueba de modulo API','Prueba del modulo API con un enfoque de seguridad','Iltonys Verbel R','iltonysverbel@gmail.com','high','open',2,NULL,NULL,'2025-03-24 22:27:29','2025-03-24 22:27:29'),(3,'Prueba Tickets 0002','Prueba Tickets 0002','Iltonys Verbel R','iltonysverbel@gmail.com','low','open',2,NULL,NULL,'2025-03-25 02:15:49','2025-03-25 02:15:49'),(4,'Prueba Tickets 0003','Prueba Tickets 0003','Iltonys Verbel R','iltonysverbel@gmail.com','low','open',2,NULL,NULL,'2025-03-25 02:25:59','2025-03-25 02:25:59'),(5,'Prueba Tickets 0004','Prueba Tickets 0004','Iltonys Verbel R','iltonysverbel@gmail.com','low','open',2,NULL,NULL,'2025-03-25 02:34:46','2025-03-25 02:34:46'),(6,'Prueba Tickets 0005','Prueba Tickets 0005','Iltonys Verbel R','iltonysverbel@gmail.com','low','open',2,NULL,NULL,'2025-03-25 03:08:10','2025-03-25 03:08:10'),(7,'Prueba Tciket 0001 - Jaqueline Heredia','Prueba ticket','Jaqueline Mercedes Heredia Ortega','jackelineheredia@outlook.com','low','open',5,NULL,NULL,'2025-03-25 04:03:25','2025-03-25 04:03:25'),(8,'Ticket API Rest (TEST 0001)','\"Prueba desde Postman\"','Iltonys','iltonysverbel@gmail.com','high','open',2,NULL,NULL,'2025-03-25 04:21:43','2025-03-25 04:21:43'),(9,'Prueba Tickets 0006','Prueba Tickets 0006','Iltonys Verbel R','iltonysverbel@gmail.com','low','open',2,NULL,NULL,'2025-03-25 04:25:22','2025-03-25 04:25:22'),(10,'Ticket API Rest (TEST 0002)','\"Prueba desde Postman 002\"','Iltonys','iltonysverbel@gmail.com','high','open',2,NULL,NULL,'2025-03-25 04:28:05','2025-03-25 04:28:05'),(13,'Prueba Tickets 0007','Prueba Tickets 0007','Iltonys Verbel Ramos','iltonysverbel@gmail.com','low','open',2,NULL,NULL,'2025-03-25 06:45:23','2025-03-25 06:45:23'),(14,'Prueba Tickets 0008','Prueba Tickets 0008','Iltonys Verbel Ramos','iltonysverbel@gmail.com','low','open',2,NULL,NULL,'2025-03-25 06:46:10','2025-03-25 06:46:10'),(16,'Ticket API Rest (TEST 0004)','\"Prueba creación Ticket TEST 0004 via POSTMAN','Iltonys','iltonysverbel@gmail.com','high','open',2,NULL,NULL,'2025-03-25 07:43:46','2025-03-25 07:43:46');
/*!40000 ALTER TABLE `tickets` ENABLE KEYS */;
UNLOCK TABLES;

--
-- Table structure for table `users`
--

DROP TABLE IF EXISTS `users`;
/*!40101 SET @saved_cs_client     = @@character_set_client */;
/*!50503 SET character_set_client = utf8mb4 */;
CREATE TABLE `users` (
  `id` bigint unsigned NOT NULL AUTO_INCREMENT,
  `name` varchar(255) COLLATE utf8mb4_unicode_ci NOT NULL,
  `last_name` varchar(255) COLLATE utf8mb4_unicode_ci DEFAULT NULL,
  `email` varchar(255) COLLATE utf8mb4_unicode_ci NOT NULL,
  `phone` varchar(255) COLLATE utf8mb4_unicode_ci DEFAULT NULL,
  `address` text COLLATE utf8mb4_unicode_ci,
  `country_id` bigint unsigned DEFAULT NULL,
  `state_id` bigint unsigned DEFAULT NULL,
  `city_id` bigint unsigned DEFAULT NULL,
  `company_id` bigint unsigned DEFAULT NULL,
  `process_id` bigint unsigned DEFAULT NULL,
  `jobtitle_id` bigint unsigned DEFAULT NULL,
  `password` varchar(255) COLLATE utf8mb4_unicode_ci NOT NULL,
  `email_verified_at` timestamp NULL DEFAULT NULL,
  `remember_token` varchar(100) COLLATE utf8mb4_unicode_ci DEFAULT NULL,
  `created_at` timestamp NULL DEFAULT NULL,
  `updated_at` timestamp NULL DEFAULT NULL,
  `role` varchar(255) COLLATE utf8mb4_unicode_ci NOT NULL DEFAULT 'user',
  PRIMARY KEY (`id`),
  UNIQUE KEY `users_email_unique` (`email`),
  KEY `users_country_id_foreign` (`country_id`),
  KEY `users_state_id_foreign` (`state_id`),
  KEY `users_city_id_foreign` (`city_id`),
  KEY `users_company_id_foreign` (`company_id`),
  KEY `users_process_id_foreign` (`process_id`),
  KEY `users_jobtitle_id_foreign` (`jobtitle_id`),
  CONSTRAINT `users_city_id_foreign` FOREIGN KEY (`city_id`) REFERENCES `cities` (`id`) ON DELETE SET NULL,
  CONSTRAINT `users_company_id_foreign` FOREIGN KEY (`company_id`) REFERENCES `companies` (`id`) ON DELETE SET NULL,
  CONSTRAINT `users_country_id_foreign` FOREIGN KEY (`country_id`) REFERENCES `countries` (`id`) ON DELETE SET NULL,
  CONSTRAINT `users_jobtitle_id_foreign` FOREIGN KEY (`jobtitle_id`) REFERENCES `jobtitles` (`id`) ON DELETE SET NULL,
  CONSTRAINT `users_process_id_foreign` FOREIGN KEY (`process_id`) REFERENCES `processes` (`id`) ON DELETE SET NULL,
  CONSTRAINT `users_state_id_foreign` FOREIGN KEY (`state_id`) REFERENCES `states` (`id`) ON DELETE SET NULL
) ENGINE=InnoDB AUTO_INCREMENT=6 DEFAULT CHARSET=utf8mb4 COLLATE=utf8mb4_unicode_ci;
/*!40101 SET character_set_client = @saved_cs_client */;

--
-- Dumping data for table `users`
--

LOCK TABLES `users` WRITE;
/*!40000 ALTER TABLE `users` DISABLE KEYS */;
INSERT INTO `users` VALUES (1,'Test User',NULL,'test@example.com',NULL,NULL,NULL,NULL,NULL,NULL,NULL,NULL,'$2y$12$nzhWmAPzFTyy2iuqxA5wCOUkEYcV5jZgrNzn06y3xROnmRH2gyRNC','2025-03-23 04:23:00','2G9CQT9gWt','2025-03-23 04:23:01','2025-03-23 04:23:01','user'),(2,'Iltonys','Iltonys','iltonysverbel@gmail.com','3012300158','Transversal 14 D # 42 - 21',NULL,NULL,NULL,NULL,NULL,NULL,'$2y$12$fYlsjLD0DDwu/kAiPtAbnePw2QKZ4k6nJ9S0h3x6rPcEdncx1we1W',NULL,NULL,'2025-03-23 09:37:10','2025-03-23 09:37:10','user'),(3,'Solid','Solid','solidsnake@gmail.com','3202498898','Cra. 10 #15-141',NULL,NULL,NULL,NULL,NULL,NULL,'$2y$12$.ujqbb23shvFfw1lYh/zpOKamczCDL4W.iJvO8MSeFtU7rdx16PHS',NULL,NULL,'2025-03-25 01:31:26','2025-03-25 01:31:26','user'),(4,'Nathan Matthew','Verbel Heredia','nathanverbel@gmail.com','3016124206','Transversal 14 D # 42 - 21',NULL,NULL,NULL,NULL,NULL,NULL,'$2y$12$MH.c0y6zlzndGy4VDaD/eucwOKhlFjwBMQLSEnrrNR3VyeWrxPtZy',NULL,NULL,'2025-03-25 03:23:57','2025-03-25 03:23:57','user'),(5,'Jaqueline Mercedes','Heredia Ortega','jackelineheredia@outlook.com','3016124206','Transversal 14 D # 42 - 21',NULL,NULL,NULL,NULL,NULL,NULL,'$2y$12$e3mLd6zze7lAlx8WTbTLHOVvu7oviuIkhsWvmhQHzZzYP9iNhS17u',NULL,NULL,'2025-03-25 03:58:24','2025-03-25 03:58:24','user');
/*!40000 ALTER TABLE `users` ENABLE KEYS */;
UNLOCK TABLES;
/*!40103 SET TIME_ZONE=@OLD_TIME_ZONE */;

/*!40101 SET SQL_MODE=@OLD_SQL_MODE */;
/*!40014 SET FOREIGN_KEY_CHECKS=@OLD_FOREIGN_KEY_CHECKS */;
/*!40014 SET UNIQUE_CHECKS=@OLD_UNIQUE_CHECKS */;
/*!40101 SET CHARACTER_SET_CLIENT=@OLD_CHARACTER_SET_CLIENT */;
/*!40101 SET CHARACTER_SET_RESULTS=@OLD_CHARACTER_SET_RESULTS */;
/*!40101 SET COLLATION_CONNECTION=@OLD_COLLATION_CONNECTION */;
/*!40111 SET SQL_NOTES=@OLD_SQL_NOTES */;

-- Dump completed on 2025-08-05  7:00:14
